ᱥᱟᱱᱛᱟᱲᱤ,English
Aaron,ᱟᱨᱚᱱ
Aarón,ᱟᱨᱚᱱ
Abaco,ᱟᱵᱟᱠᱚ
Abd,ᱟᱵᱰ
Abdala,ᱟᱹᱵᱰᱟᱞᱟ
Abdallah,ᱟᱹᱵᱰᱟᱹᱞᱟᱦ
Abdel,ᱟᱵᱰᱮᱞ
Abdías,ᱟᱹᱵᱰᱤᱭᱟᱥ
Abdiel,ᱟᱹᱵᱰᱤᱭᱮᱞ
Abdo,ᱟᱵᱰᱚ
Abdón,ᱟᱵᱰᱚᱱ
Abdu,ᱟᱹᱵᱫᱩ
Abdul,ᱟᱹᱵᱫᱩᱞ
Abdul,ᱟᱹᱵᱫᱩᱞ
Abdulla,ᱟᱹᱵᱫᱩᱞᱟ
Abdullah,ᱟᱹᱵᱫᱩᱞᱟᱦ
Abel,ᱟᱹᱵᱮᱞ
Abélard,ᱟᱹᱵᱮᱞᱟᱰ
Abelardo,ᱟᱹᱵᱮᱞᱟᱨᱰᱚ
Abele,ᱟᱹᱵᱮᱞᱮ
Abenamar,ᱟᱹᱵᱮᱱᱟᱢᱮᱨ
Aberardo,ᱟᱹᱵᱮᱨᱟᱨᱰᱚ
Abercio,ᱟᱹᱵᱮᱨᱠᱤᱭᱳ
Aberforth,ᱟᱹᱵᱮᱨᱯᱷᱚᱨᱛᱷ
Abigail,ᱟᱹᱵᱤᱜᱮᱞ
Abilio,ᱟᱹᱵᱤᱞᱤᱭᱚ
Abraám,ᱟᱹᱵᱽᱨᱟᱦᱟᱹᱢ
Abraham,ᱟᱹᱵᱽᱨᱟᱦᱟᱹᱢ
Abrahán,ᱟᱹᱵᱽᱨᱟᱦᱟᱹᱱ
Abram,ᱟᱹᱵᱽᱨᱟᱹᱢ
Abramo,ᱟᱹᱵᱽᱨᱟᱢᱚ
Absalón,ᱟᱹᱵᱥᱟᱹᱞᱚᱱ
Absolon,ᱟᱹᱵᱥᱚᱞᱚᱱ
Abu,ᱟᱹᱵᱩ
Abuissa,ᱟᱹᱵᱩᱤᱥᱟ
Abud,ᱟᱹᱵᱩᱫ
Abundio,ᱟᱹᱵᱩᱱᱫᱤᱭᱚ
Acacio,ᱟᱠᱟᱠᱤᱭᱚ
Achille,ᱟᱹᱠᱷᱤᱞᱮ
Achilles,ᱟᱹᱠᱷᱤᱠᱮᱥ
Acucio,ᱟᱹᱠᱩᱠᱤᱭᱚ
Adalbert,ᱟᱹᱰᱟᱞᱵᱟᱹᱨᱴ
Adalberto,ᱟᱹᱰᱟᱞᱵᱟᱹᱨᱴᱚ
Adalfieri,ᱟᱹᱫᱟᱹᱞᱯᱷᱤᱭᱮᱨᱤ
Adalino,ᱟᱰᱚᱞᱤᱱᱳ
Adam,ᱟᱰᱚᱢ
Adan,ᱟᱫᱚᱱ
Adán,ᱟᱫᱚᱱ
Adair,ᱟᱫᱚᱤᱨ
Adauco,ᱟᱫᱚᱩᱠᱳ
Addison,ᱟᱫᱤᱥᱳᱱ
Adelardo,ᱟᱰᱮᱞᱟᱨᱰᱚ
Adelberot,ᱟᱰᱮᱞᱵᱮᱨᱚᱴ
Adelfo,ᱟᱰᱮᱞᱯᱷᱚ
Adelino,ᱟᱰᱮᱞᱤᱱᱚ
Adelio,ᱟᱰᱮᱞᱤᱭᱳ
Adelmar,ᱟᱰᱮᱞᱢᱟᱨ
Adelmo,ᱟᱰᱮᱞᱢᱚ
Adelqui,ᱟᱰᱮᱞᱠᱤ
Adelquis,ᱟᱰᱮᱞᱠᱣᱤᱥ
Adem,ᱟᱰᱮᱢ
Ademar,ᱟᱰᱮᱢᱟᱨ
Ademaro,ᱟᱰᱮᱢᱟᱨᱚ
Aden,ᱟᱰᱮᱱ
Aderholt,ᱟᱰᱮᱨᱦᱚᱞᱴ
Aderito,ᱟᱰᱮᱨᱤᱴᱚ
Adgardo,ᱟᱰᱜᱟᱨᱰᱚ
Adhemar,ᱟᱰᱷᱮᱢᱟᱨ
Adib,ᱟᱰᱤᱵ
Adiberto,ᱟᱰᱤᱵᱮᱨᱴᱚ
Adiel,ᱟᱰᱤᱮᱞ
Adirano,ᱟᱰᱤᱨᱟᱱᱚ
Aditya,ᱟᱫᱤᱛᱭᱟᱹ
Ado,ᱟᱰᱚ
Adolf,ᱟᱹᱰᱚᱞᱯᱷ
Adolfo,ᱟᱹᱰᱚᱞᱯᱷᱚ
Adolph,ᱟᱹᱰᱚᱞᱯᱷ
Adolphe,ᱟᱹᱰᱚᱞᱯᱷᱮ
Adolpho,ᱟᱹᱰᱚᱞᱯᱷᱚ
Adolphus,ᱟᱹᱰᱚᱞᱯᱷᱩᱥ
Adonaí,ᱟᱹᱰᱚᱱᱟᱭ
Adonay,ᱟᱹᱰᱚᱱᱮᱭ
Adone,ᱟᱹᱰᱚᱱ
Adonías,ᱟᱹᱰᱚᱱᱤᱭᱟᱹᱥ
Adonis,ᱟᱹᱰᱚᱱᱤᱥ
Adria,ᱮᱰᱨᱤᱭᱟ
Adrià,ᱮᱰᱨᱤᱭᱟ
Adrian,ᱮᱰᱨᱤᱭᱟᱱ
Adrián,ᱮᱰᱨᱤᱭᱟᱱ
Adrían,ᱮᱰᱨᱤᱭᱟᱱ
Adriano,ᱮᱰᱨᱤᱭᱟᱱᱚ
Adriel,ᱮᱰᱨᱤᱭᱮᱞ
Adríel,ᱮᱰᱨᱤᱭᱮᱞ
Adrien,ᱮᱰᱨᱤᱭᱮᱱ
Aedan,ᱮᱭᱰᱮᱱ
Aelohim,ᱮᱞᱚᱦᱤᱢ
Aeneas,ᱮᱭᱱᱮᱭᱟᱥ
Aeschylus,ᱮᱭᱥᱠᱟᱭᱞᱩᱥ
Æthelstan,ᱮᱛᱷᱮᱞᱥᱴᱟᱱ
Æthelwulf,ᱮᱛᱷᱮᱞᱣᱩᱞᱯᱷ
Affonso,ᱮᱯᱷᱚᱱᱥᱚ
Afendoulis,ᱮᱯᱷᱮᱱᱰᱚᱣᱞᱤᱥ
Afonso,ᱮᱯᱷᱚᱱᱥᱚ
Aga,ᱟᱜᱟ
Agamemnon,ᱟᱜᱟᱢᱮᱢᱱᱚᱱ
Agamenón,ᱟᱜᱟᱢᱮᱱᱚᱱ
Agapeto,ᱟᱜᱟᱯᱮᱴᱚ
Agapio,ᱟᱜᱟᱯᱤᱭᱚ
Agapito,ᱟᱜᱟᱯᱤᱴᱚ
Agatón,ᱟᱜᱟᱴᱚᱱ
Agenor,ᱟᱜᱮᱱᱚᱨ
Ageo,ᱟᱜᱮᱭᱚ
Agilberto,ᱟᱹᱜᱤᱞᱵᱮᱨᱴᱚ
Agostino,ᱟᱹᱜᱚᱥᱴᱤᱱᱚ
Agripino,ᱟᱹᱜᱽᱨᱤᱯᱤᱱᱚ
Agustin,ᱚᱜᱚᱥᱴᱤᱱ
Agustín,ᱚᱜᱚᱥᱴᱤᱱ
Agustín,ᱟᱹᱜᱩᱥᱴᱤᱱ
Agusttin,ᱚᱜᱩᱥᱴᱤᱱ
Ahmad,ᱟᱹᱦᱢᱟᱹᱫ
Ahmed,ᱟᱹᱦᱢᱮᱫ
Aicardo,ᱮᱭᱠᱟᱨᱰᱚ
Aidan,ᱮᱭᱰᱟᱱ
Aidano,ᱮᱭᱰᱟᱱᱚ
Aiden,ᱮᱭᱰᱮᱱ
Aikué,ᱮᱭᱠᱣᱮ
Aimé,ᱮᱭᱢᱮ
Aimón,ᱮᱭᱢᱚᱱ
Aingeru,ᱮᱭᱱᱜᱮᱨᱩ
Aitor,ᱮᱭᱛᱚᱨ
Ajmet,ᱟᱡᱢᱮᱴ
Akhenaten,ᱟᱠᱷᱮᱱᱟᱴᱮᱱ
Akiro,ᱟᱹᱠᱤᱨᱚ
Akzam,ᱟᱠᱡᱟᱱ
Al,ᱟᱞ
Al,ᱚᱞ
Aladino,ᱟᱞᱟᱫᱤᱱᱚ
Alain,ᱟᱞᱟᱤᱱ
Alan,ᱟᱞᱟᱱ
Alan,ᱮᱞᱟᱱ
Alano,ᱟᱞᱟᱱᱚ
Alaor,ᱟᱞᱟᱚᱨ
Alarico,ᱟᱞᱟᱨᱤᱠᱚ
Alasdair,ᱟᱞᱟᱥᱰᱟᱭᱮᱨ
Alastair,ᱟᱞᱟᱥᱴᱟᱭᱟᱹᱨ
Albán,ᱟᱞᱵᱟᱱ
Albano,ᱟᱞᱵᱟᱱᱚ
Albar,ᱟᱞᱵᱟᱨ
Albaro,ᱟᱞᱵᱟᱨᱴᱚ
Alberico,ᱟᱞᱵᱮᱨᱤᱠᱚ
Albert,ᱟᱹᱞᱵᱟᱹᱨᱴ
Albert,ᱚᱞᱵᱚᱴ
Albert,ᱮᱞᱵᱚᱴ
Albert,ᱮᱞᱵᱚᱨᱴ
Albert,ᱟᱹᱞᱵᱟᱹᱨᱴᱷ
Alberto,ᱟᱹᱞᱵᱟᱹᱨᱴ
Albicio,ᱟᱹᱞᱵᱤᱠᱚ
Albido,ᱟᱹᱞᱵᱤᱰᱚ
Albin,ᱟᱞᱵᱤᱱ
Albrecht,ᱟᱹᱞᱵᱽᱨᱮᱪᱴ
Albus,ᱟᱞᱵᱩᱥ
Alcee,ᱟᱞᱥᱤ
Alceo,ᱟᱞᱥᱤᱭᱚ
Alcibíades,ᱟᱞᱥᱤᱵᱤᱭᱟᱰᱮᱥ
Alcibiades,ᱟᱞᱥᱤᱵᱤᱭᱟᱰᱮᱥ
Alcides,ᱟᱞᱥᱤᱰᱮᱥ
Alcuino,ᱟᱞᱠᱣᱤᱱᱚ
Aldair,ᱟᱹᱞᱰᱟᱭᱟᱹᱨ
Aldebar,ᱟᱞᱰᱮᱵᱟᱨ
Aldemar,ᱟᱞᱰᱮᱢᱟᱨ
Alden,ᱟᱞᱰᱮᱱ
Alderico,ᱟᱞᱰᱮᱨᱤᱠᱚ
Aldo,ᱟᱞᱰᱚ
Aldous,ᱟᱞᱰᱚᱣᱩᱥ
Ale,ᱟᱞᱮ
Aleardo,ᱟᱞᱮᱟᱨᱰᱚ
Alec,ᱟᱞᱮᱠ
Aled,ᱟᱞᱮᱰ
Aleister,ᱟᱞᱮᱥᱴᱟᱹᱨ
Alejandrino,ᱟᱞᱮᱡᱟᱱᱰᱨᱤᱱᱚ
Alejandro,ᱟᱞᱮᱡᱟᱱᱰᱨᱚ
Alejandro,ᱟᱞᱮᱡᱟᱱᱰᱨᱚ
Alejo,ᱟᱞᱮᱡᱚ
Alek,ᱟᱞᱮᱠ
Aleksandr,ᱟᱞᱮᱠᱥᱟᱱᱰᱮᱨ
Alen,ᱚᱞᱮᱱ
Alepio,ᱟᱞᱮᱯᱤᱭᱚ
Alesio,ᱟᱞᱮᱥᱤᱭᱚ
Alesis,ᱟᱞᱮᱥᱤᱥ
Alessandro,ᱟᱞᱮᱥᱟᱱᱰᱨᱚ
Alex,ᱟᱞᱮᱠᱥ
Álex,ᱟᱞᱮᱠᱥ
Àlex,ᱟᱞᱮᱠᱥ
Alexander,ᱟᱞᱮᱠᱥᱟᱱᱰᱟᱹᱨ
Alexander,ᱮᱞᱮᱠᱡᱟᱱᱰᱟᱹᱨ
Alexander,ᱮᱞᱮᱠᱡᱟᱱᱰᱚᱨ
Alexander,ᱟᱞᱮᱠᱡᱟᱱᱰᱚᱨ
Alexandr,ᱟᱞᱮᱠᱥᱟᱱᱰᱟᱹᱨ
Alexandre,ᱟᱞᱮᱠᱥᱟᱱᱰᱨᱮ
Alexandre,ᱮᱞᱮᱠᱥᱟᱱᱰᱨᱮ
Alexandro,ᱟᱞᱮᱠᱥᱟᱱᱰᱨᱮᱚ
Alexandros,ᱟᱞᱮᱠᱥᱟᱱᱰᱨᱮᱚᱥ
Alexei,ᱟᱞᱮᱠᱥᱤ
Alexey,ᱟᱞᱮᱠᱥᱭ
Alexio,ᱟᱞᱮᱠᱥᱤᱭᱚ
Alexios,ᱟᱞᱮᱠᱥᱤᱭᱚᱥ
Alexis,ᱟᱞᱮᱠᱥᱤᱥ
Alexzander,ᱟᱞᱮᱠᱥᱟᱱᱰᱟᱹᱨ
Alfeo,ᱟᱞᱯᱷᱤᱭᱚ
Alfi,ᱟᱞᱯᱷᱤ
Alfie,ᱟᱞᱯᱷᱤ
Alfio,ᱟᱞᱯᱷᱤᱭᱚ
Alfons,ᱟᱞᱯᱷᱚᱱᱥ
Alfonso,ᱟᱞᱯᱷᱚᱱᱥᱚ
Alfred,ᱟᱞᱯᱷᱨᱮᱰ
Alfredo,ᱟᱞᱯᱷᱨᱮᱰᱚ
Alhazen,ᱟᱞᱦᱟᱡᱟᱱ
Ali,ᱟᱞᱤ
Alí,ᱟᱹᱞᱤ
Aliaksandr,ᱟᱞᱤᱭᱟᱠᱥᱟᱱᱰᱨᱚ
Alianore,ᱟᱞᱤᱭᱟᱱᱚᱨᱮ
Aliberto,ᱟᱞᱤᱵᱟᱹᱨᱴᱚ
Alijah,ᱟᱹᱞᱤᱡᱟᱱ
Alio,ᱟᱞᱤᱭᱚ
Alipio,ᱟᱞᱤᱯᱚ
Alistair,ᱟᱞᱤᱥᱴᱟᱨ
Alkos,ᱟᱞᱠᱚᱥ
Allah,ᱟᱞᱟᱦ
Allan,ᱟᱞᱟᱱ
Allen,ᱟᱞᱮᱱ
Allred,ᱟᱹᱞᱨᱮᱰ
Almando,ᱟᱞᱢᱟᱱᱰᱚ
Almandos,ᱟᱞᱢᱟᱱᱰᱚᱥ
Almar,ᱟᱹᱞᱢᱟᱨ
Alomías,ᱟᱹᱞᱚᱢᱤᱭᱟᱥ
Alonso,ᱟᱞᱚᱱᱥᱚ
Alonzo,ᱟᱞᱚᱱᱡᱚ
Alor,ᱟᱞᱚᱨ
Alosnos,ᱟᱞᱚᱥᱱᱚᱥ
Alphonse,ᱟᱞᱯᱷᱚᱱᱥᱮ
Alphonse,ᱟᱞᱯᱷᱚᱱᱥ
Alphonso,ᱟᱞᱯᱷᱚᱱᱥᱚ
Alpiniano,ᱟᱞᱯᱤᱱᱤᱟᱱᱚ
Alrekur,ᱟᱞᱨᱮᱠᱩᱨ
Alucio,ᱟᱞᱩᱥᱤᱭᱚ
Alun,ᱟᱞᱩᱱ
Alvar,ᱟᱞᱣᱟᱨ
Alvaro,ᱟᱞᱣᱟᱨᱚ
Álvaro,ᱟᱹᱞᱣᱟᱨᱚ
Alvin,ᱟᱞᱣᱤᱱ
Alvino,ᱟᱹᱞᱣᱤᱱᱚ
Alvis,ᱟᱞᱣᱤᱥ
Amadeo,ᱟᱢᱟᱰᱤᱭᱚ
Amadeus,ᱟᱢᱟᱰᱤᱭᱚᱥ
Amadis,ᱟᱢᱟᱰᱤᱥ
Amado,ᱟᱢᱟᱰᱚ
Amador,ᱟᱢᱟᱰᱚᱨ
Amael,ᱟᱢᱟᱮᱞ
Amal,ᱟᱢᱟᱞ
Amalio,ᱟᱢᱟᱞᱤᱭᱚ
Amancio,ᱟᱢᱟᱱᱥᱤᱭᱚ
Amandio,ᱟᱢᱟᱱᱰᱤᱭᱚ
Amando,ᱟᱢᱟᱱᱰᱚ
Amano,ᱟᱢᱟᱱᱳ
Amanullah,ᱟᱢᱟᱱᱩᱞᱟᱦ
Amari,ᱟᱢᱟᱨᱤ
Amarion,ᱟᱢᱟᱨᱤᱭᱚᱱ
Amaro,ᱟᱢᱟᱨᱚ
Amauger,ᱟᱢᱟᱩᱜᱮᱨ
Amauri,ᱟᱢᱟᱣᱨᱤ
Amash,ᱟᱢᱟᱥ
Ambroise,ᱟᱢᱵᱽᱨᱚᱤᱥ
Ambrose,ᱟᱢᱵᱽᱨᱚᱥ
Ambrosio,ᱟᱢᱵᱽᱨᱚᱥᱤᱭᱚ
Ambrosius,ᱟᱢᱵᱨᱚᱥᱤᱭᱚᱥ
Amelio,ᱟᱢᱮᱞᱤᱭᱚ
Amén,ᱟᱢᱮᱱ
Américo,ᱟᱢᱮᱨᱤᱭᱚ
Ami,ᱟᱢᱤ
Amiel,ᱟᱢᱤᱭᱮᱞ
Amílcar,ᱟᱢᱤᱞᱠᱟᱨ
Amín,ᱟᱢᱤᱱ
Amir,ᱟᱢᱤᱨ
Ammianus,ᱟᱹᱢᱤᱭᱟᱱᱩᱥ
Ammiel,ᱟᱹᱢᱤᱭᱮᱞ
Ammonius,ᱟᱹᱢᱚᱱᱤᱭᱩᱥ
Amodei,ᱟᱹᱢᱚᱰᱮᱭ
Amón,ᱟᱹᱢᱚᱱ
Amós,ᱟᱹᱢᱚᱥ
Amranto,ᱟᱹᱢᱨᱟᱱᱛᱚ
Amru,ᱟᱹᱢᱨᱩ
Anacario,ᱟᱱᱟᱠᱟᱨᱤᱭᱚ
Anacleto,ᱟᱱᱟᱠᱞᱮᱴᱚ
Anael,ᱟᱱᱟᱮᱞ
Ananías,ᱟᱱᱟᱱᱤᱥ
Anastasio,ᱟᱱᱟᱥᱴᱟᱥᱤᱭᱚ
Anatalón,ᱟᱱᱟᱴᱟᱞᱚᱱ
Anatoli,ᱟᱱᱟᱴᱚᱞᱤ
Anatolio,ᱟᱱᱟᱴᱚᱞᱤᱭᱚ
Anatoly,ᱟᱱᱟᱴᱚᱞᱭ
Anaximander,ᱟᱱᱟᱠᱥᱤᱢᱟᱱᱰᱮᱨ
Ander,ᱟᱱᱰᱮᱨ
Anderson,ᱟᱱᱰᱟᱹᱨᱥᱚᱱ
Andes,ᱟᱱᱰᱮᱥ
Andoquio,ᱟᱱᱰᱚᱠᱣᱤᱭᱚ
Andre,ᱟᱱᱰᱨᱮ
André,ᱟᱱᱰᱨᱤ
Andreas,ᱟᱱᱰᱨᱤᱭᱟᱥ
Andrei,ᱟᱱᱰᱨᱮᱭ
Andres,ᱟᱱᱰᱨᱮᱥ
Andrés,ᱟᱱᱰᱨᱮᱥ
Andreu,ᱟᱱᱰᱨᱤᱣ
Andrew,ᱟᱱᱰᱨᱤᱣ
Andrócies,ᱟᱱᱰᱨᱚᱥᱤᱮᱥ
Androlo,ᱟᱱᱰᱨᱚᱞᱚ
Andrónico,ᱟᱱᱰᱨᱚᱱᱤᱠᱚᱥ
Andronikos,ᱟᱱᱰᱨᱚᱱᱤᱠᱚᱥ
Andrzej,ᱟᱱᱰᱨᱮᱡᱽ
Andy,ᱮᱱᱰᱭ
Ang,ᱟᱹᱝ
Angel,ᱮᱧᱡᱮᱞ
Ángel,ᱮᱧᱡᱮᱞ
Àngel,ᱮᱧᱡᱮᱞ
Angelino,ᱮᱧᱡᱮᱞᱤᱱᱚ
Angelo,ᱮᱧᱡᱮᱞᱚ
Angilberto,ᱮᱱᱜᱤᱞᱵᱟᱹᱨᱴᱚ
Angus,ᱟᱱᱜᱩᱥ
Aniano,ᱟᱹᱱᱤᱭᱟᱱᱚ
Aníbal,ᱟᱹᱱᱤᱵᱟᱞ
Anícar,ᱟᱱᱤᱠᱟᱨ
Aniceto,ᱟᱱᱤᱥᱮᱴᱚ
Anís,ᱟᱱᱤᱥ
Anisio,ᱟᱱᱤᱥᱤᱭᱚ
Anje,ᱟᱧᱡᱮ
Anolfo,ᱟᱱᱚᱞᱯᱷᱚ
Ansaldo,ᱟᱱᱥᱟᱞᱰᱚ
Ansel,ᱟᱱᱥᱮᱞ
Ansell,ᱟᱱᱥᱮᱞ
Anselm,ᱟᱱᱥᱮᱞᱢ
Anselme,ᱟᱱᱥᱮᱞᱢᱮ
Anselmo,ᱟᱱᱥᱮᱞᱢᱚ
Antares,ᱟᱱᱴᱟᱨᱮᱥ
Ante,ᱟᱱᱴᱮ
Antelmo,ᱟᱱᱴᱮᱞᱢᱚ
Antenor,ᱟᱱᱴᱮᱱᱚᱨ
Antero,ᱟᱱᱴᱮᱨᱚ
Anthony,ᱟᱱᱛᱷᱚᱱᱭ
Antigonus,ᱟᱱᱴᱤᱜᱚᱱᱚᱥ
Antoine,ᱟᱱᱴᱚᱱᱤ
Antoliano,ᱟᱱᱴᱚᱞᱤᱭᱟᱱᱚ
Antolín,ᱟᱱᱴᱚᱞᱤᱱ
Anton,ᱟᱱᱴᱚᱱ
Antón,ᱟᱱᱴᱚᱱ
Antoni,ᱟᱱᱴᱚᱱᱤ
Antonin,ᱟᱱᱴᱚᱱᱤᱱ
Antoninus,ᱟᱱᱴᱚᱱᱤᱱᱚ
Antonio,ᱟᱱᱴᱚᱱᱤᱱᱚ
António,ᱟᱱᱴᱚᱱᱤᱱᱚ
Antonius,ᱟᱹᱱᱴᱚᱱᱤᱭᱚᱥ
Antony,ᱟᱱᱴᱚᱱᱭ
Antton,ᱟᱱᱴᱚᱱ
Antu,ᱟᱱᱴᱩ
Antulio,ᱟᱱᱴᱩᱞᱤᱭᱚ
Antwan,ᱟᱱᱴᱣᱟᱱ
Anuar,ᱟᱹᱱᱩᱣᱟᱨ
Anubis,ᱟᱹᱱᱩᱵᱤᱥ
Anxo,ᱟᱹᱱᱥᱚ
Aousten,ᱟᱹᱣᱥᱴᱮᱱ
Aparicio,ᱟᱹᱯᱟᱨᱤᱥᱤᱭᱚ
Apeles,ᱟᱹᱯᱮᱞᱮᱥ
Apolinar,ᱟᱹᱯᱚᱞᱤᱱᱟᱨ
Apolinario,ᱟᱹᱯᱚᱞᱤᱱᱟᱨᱤᱭᱚ
Apollinaire,ᱟᱹᱯᱚᱞᱤᱱᱟᱨᱤᱭᱮ
Apollo,ᱟᱹᱯᱚᱞᱚ
Apollonius,ᱟᱹᱯᱚᱞᱚᱱᱤᱭᱚᱥ
Apolo,ᱟᱹᱯᱚᱞᱚ
Apolodoro,ᱟᱹᱯᱚᱞᱚᱰᱚᱨᱚ
Apolonio,ᱟᱹᱯᱚᱞᱚᱱᱤᱭᱚ
Aquiles,ᱟᱹᱠᱣᱤᱞᱮᱥ
Aquilino,ᱟᱹᱠᱣᱤᱞᱤᱱᱚ
Arador,ᱟᱨᱟᱰᱚᱨ
Argus,ᱟᱨᱜᱩᱥ
Aram,ᱟᱨᱟᱢ
Aramis,ᱟᱨᱟᱢᱤᱥ
Araón,ᱟᱨᱟᱚᱱ
Arcadi,"n=""ant""/"
Arcadio,ᱟᱨᱠᱟᱰᱤᱭᱚ
Arcángel,ᱟᱨᱠᱟᱱᱜᱮᱞ
Arcelio,ᱟᱨᱥᱮᱞᱤᱭᱚ
Archak,ᱟᱨᱪᱟᱠ
Archer,ᱟᱨᱪᱮᱨ
Archibald,ᱟᱨᱪᱤᱵᱟᱞᱰ
Archibaldo,ᱟᱨᱪᱷᱤᱵᱟᱞᱰᱚ
Archie,ᱟᱨᱪᱷᱤᱭᱮ
Archimbaud,ᱟᱨᱪᱷᱤᱢᱵᱟᱩᱰ
Archimedes,ᱟᱨᱠᱤᱢᱮᱰᱤᱥ
Ares,ᱟᱨᱮᱥ
Aretas,ᱟᱨᱮᱴᱟᱥ
Argelio,ᱟᱨᱜᱮᱞᱤᱭᱚ
Argeo,ᱟᱨᱜᱤᱭᱚ
Argimiro,ᱟᱨᱜᱤᱢᱤᱨᱚ
Argos,ᱟᱨᱜᱚᱥ
Ari,ᱟᱨᱤ
Arian,ᱟᱨᱤᱭᱟᱱ
Ariano,ᱟᱨᱤᱭᱟᱱᱚ
Aricel,ᱟᱨᱤᱥᱮᱞ
Ariel,ᱮᱨᱤᱭᱮᱞ
Ario,ᱟᱨᱤᱭᱚ
Arión,ᱮᱨᱤᱭᱚᱱ
Arispidis,ᱟᱨᱤᱥᱯᱤᱰᱤᱥ
Aristarco,ᱟᱨᱤᱥᱴᱟᱨᱠᱚ
Aristeo,ᱟᱨᱤᱥᱴᱤᱭᱚ
Aristide,ᱟᱨᱤᱥᱴᱤᱰ
Arístides,ᱟᱨᱤᱥᱴᱤᱰᱮᱥ
Aristión,ᱟᱨᱤᱥᱴᱤᱭᱚᱱ
Aristóbulo,ᱟᱨᱤᱥᱴᱚᱵᱩᱞᱚ
Aristócles,ᱟᱨᱤᱥᱴᱚᱠᱞᱮᱥ
Aristocles,ᱟᱨᱤᱥᱴᱚᱠᱞᱮᱥ
Aristófanes,ᱟᱨᱤᱥᱴᱚᱯᱷᱟᱱᱥ
Aristófanis,ᱟᱨᱤᱥᱴᱚᱯᱷᱟᱱᱤᱥ
Aristón,ᱟᱨᱤᱥᱴᱚᱱ
Aristophanes,ᱟᱨᱤᱥᱴᱚᱯᱷᱟᱱᱥ
Aristóteles,ᱟᱨᱤᱥᱴᱚᱴᱮᱞᱥ
Aristotle,ᱟᱨᱤᱥᱴᱚᱴᱟᱹᱞ
Arjan,ᱟᱨᱡᱟᱱ
Arjun,ᱟᱹᱨᱡᱩᱱ
Arjuna,ᱟᱹᱨᱡᱩᱱᱟ
Arluin,ᱟᱹᱨᱞᱩᱣᱤᱱ
Armando,ᱟᱨᱢᱟᱱᱰᱩ
Armani,ᱟᱨᱢᱟᱱᱤ
Armelio,ᱟᱨᱢᱮᱞᱤᱭᱚ
Armengol,ᱟᱨᱢᱮᱱᱜᱚᱞ
Armentario,ᱟᱨᱢᱮᱱᱴᱟᱹᱨᱤᱭᱚ
Armín,ᱟᱨᱢᱤᱬ
Armindo,ᱟᱨᱡᱤᱱᱰᱚ
Arminius,ᱟᱨᱢᱤᱱᱤᱭᱩᱥ
Armintario,ᱟᱨᱢᱤᱱᱴᱟᱨᱤᱭᱚ
Arnald,ᱟᱨᱱᱟᱞᱰ
Arnaldo,ᱟᱨᱱᱟᱞᱰᱚ
Arnaud,ᱟᱨᱱᱟᱩᱰ
Arngeir,ᱟᱨᱱᱜᱮᱭᱨ
Arngrímur,ᱟᱨᱱᱜᱽᱨᱤᱢᱩᱨ
Árni,ᱟᱨᱱᱤ
Arnleifur,ᱟᱨᱱᱞᱮᱭᱯᱷᱩᱨ
Arnoddur,ᱟᱨᱱᱚᱰᱩᱨ
Arnold,ᱟᱨᱱᱚᱞᱰ
Arnoldo,ᱟᱨᱱᱚᱞᱰᱚ
Arnulf,ᱟᱨᱱᱩᱞᱯᱷ
Arnulfo,ᱟᱨᱱᱩᱞᱯᱷᱚ
Aroldo,ᱟᱨᱱᱚᱞᱰ
Aron,ᱟᱨᱚᱱ
Arón,ᱟᱨᱚᱱ
Arquimbaldo,ᱟᱨᱠᱣᱤᱢᱵᱟᱞᱰᱚ
Arquímides,ᱟᱨᱠᱣᱤᱢᱤᱰᱮᱥ
Arran,ᱟᱨᱟᱱ
Arrington,ᱟᱨᱤᱝᱴᱚᱱ
Arroldo,ᱟᱨᱚᱞᱰᱚ
Arron,ᱟᱨᱚᱱ
Arsacio,ᱟᱨᱥᱟᱠᱤᱭᱚ
Arsenio,ᱟᱨᱥᱤᱱᱤᱭᱚ
Arslan,ᱟᱨᱥᱞᱮᱱ
Artaldo,ᱟᱨᱴᱟᱞᱰᱚ
Artaxerxes,ᱟᱨᱴᱟᱠᱥᱟᱹᱨᱥᱮᱥ
Artemio,ᱟᱨᱴᱮᱢᱤᱭᱚ
Artenio,ᱟᱨᱴᱮᱱᱤᱭᱚ
Arthur,ᱟᱨᱛᱷᱩᱨ
Artur,ᱟᱨᱛᱷᱩᱨ
Arturo,ᱟᱨᱛᱩᱨᱚ
Arvid,ᱟᱨᱣᱤᱰ
Arwel,ᱟᱨᱣᱮᱞ
Ary,ᱟᱨᱭ
Aryan,ᱟᱨᱭᱟᱱ
Asa,ᱟᱥᱟ
Asad,ᱟᱥᱟᱰ
Asaf,ᱟᱥᱟᱹᱯᱷ
Asamoa,ᱟᱥᱟᱢᱚᱣᱟ
Asbjörn,ᱟᱥᱵᱡᱚᱨᱱ
Ásbjörn,ᱟᱥᱵᱡᱚᱨᱱ
Asdrubal,ᱟᱥᱫᱽᱨᱩᱵᱟᱞ
Asdrúbal,ᱟᱥᱫᱽᱨᱩᱵᱟᱞ
Aser,ᱟᱥᱮᱨ
Ásgautur,ᱟᱥᱜᱟᱣᱛᱩᱨ
Ásgrímur,ᱟᱥᱜᱽᱨᱤᱢᱩᱨ
Ash,ᱟᱥ
Asha,ᱟᱥᱟ
Asher,ᱟᱥᱦᱮᱨ
Ashford,ᱟᱥᱯᱷᱚᱨᱰ
Ashoka,ᱟᱹᱥᱚᱠᱟ
Ashton,ᱟᱥᱛᱚᱱ
Asier,ᱟᱥᱤᱨ
Áslákur,ᱟᱥᱞᱟᱠᱩᱨ
Aslan,ᱟᱥᱞᱟᱱ
Asterix,ᱟᱥᱴᱮᱨᱤᱠᱥ
Astolfo,ᱟᱥᱴᱚᱞᱯᱷᱚ
Astor,ᱟᱥᱴᱚᱨ
Atahualpa,ᱟᱴᱟᱨᱦᱩᱣᱟᱞᱯᱟ
Atalas,ᱟᱴᱟᱞᱟᱥ
Atalívar,ᱟᱴᱟᱞᱤᱣᱟᱨ
Atalo,ᱟᱴᱟᱞᱚ
Atanasio,ᱟᱴᱟᱱᱟᱥᱤᱭᱚ
Atenágoras,ᱟᱴᱮᱱᱟᱜᱚᱨᱟᱥ
Athanasius,ᱟᱹᱛᱷᱟᱱᱟᱥᱤᱭᱩᱥ
Athenagoras,ᱟᱹᱛᱷᱮᱱᱟᱜᱚᱨᱟᱥ
Athos,ᱟᱹᱛᱷᱚᱥ
Atico,ᱟᱹᱴᱤᱠᱚ
Atila,ᱟᱹᱴᱤᱞᱟ
Atiliano,ᱟᱹᱴᱤᱞᱤᱭᱟᱱᱚ
Atilio,ᱟᱹᱴᱤᱞᱤᱭᱚ
Atos,ᱟᱹᱴᱚᱥ
Attila,ᱟᱹᱴᱤᱞᱤᱭᱟ
Atuel,ᱟᱹᱴᱩᱭᱮᱞ
Auberon,ᱟᱹᱣᱵᱮᱨᱚᱱ
Auberto,ᱟᱹᱣᱵᱮᱨᱴᱚ
Aubin,ᱟᱹᱣᱵᱤᱱ
Auchincloss,ᱟᱹᱣᱪᱷᱤᱱᱠᱞᱚᱥ
Auda,ᱟᱹᱣᱰᱟ
Audeliano,ᱟᱹᱣᱰᱮᱞᱤᱭᱟᱱᱚ
Audelino,ᱟᱹᱣᱰᱮᱞᱤᱱᱚ
Audric,ᱟᱹᱣᱰᱨᱤᱠ
August,ᱚᱜᱚᱥᱴ
Auguste,ᱚᱜᱚᱥᱴᱮ
Augustin,ᱚᱜᱚᱥᱴᱤᱱ
Augustine,ᱚᱜᱚᱥᱴᱤᱱ
Augusto,ᱚᱜᱚᱥᱴᱚ
Augustus,ᱚᱜᱚᱥᱴᱚᱥ
Aukha,ᱟᱹᱣᱠᱷᱟ
Aurangzeb,ᱟᱹᱣᱨᱚᱝᱡᱮᱵᱽ
Aurco,ᱟᱹᱣᱨᱠᱚ
Aurèle,ᱟᱹᱣᱨᱮᱞᱮ
Aureliano,ᱟᱹᱣᱨᱮᱞᱤᱭᱟᱱᱚ
Aurelien,ᱟᱹᱣᱨᱮᱞᱤᱱ
Aurelio,ᱟᱹᱣᱨᱮᱞᱤᱭᱚ
Aureo,ᱟᱹᱣᱨᱤᱭᱚ
Aurico,ᱟᱹᱣᱨᱤᱠᱚ
Austen,ᱟᱹᱣᱥᱴᱤᱱ
Austin,ᱟᱹᱩᱥᱴᱤᱱ
Austyn,ᱟᱹᱣᱥᱴᱤᱢ
Avelino,ᱟᱹᱣᱮᱞᱤᱱᱚ
Aventino,ᱟᱹᱣᱮᱱᱴᱤᱱᱚ
Avilio,ᱟᱹᱣᱤᱞᱤᱭᱚ
Avito,ᱟᱹᱣᱤᱴᱚ
Axel,ᱮᱠᱥᱮᱞ
Axiel,ᱮᱠᱥᱤᱭᱮᱞ
Axne,ᱮᱠᱥᱮᱱ
Ayax,ᱟᱭᱟᱠᱥ
Ayden,ᱟᱭᱰᱮᱱ
Ayman,ᱟᱭᱢᱮᱱ
Aymeric,ᱟᱭᱢᱮᱨᱤᱠ
Ayrton,ᱟᱭᱨᱴᱚᱱ
Ayub,ᱟᱹᱭᱩᱵ
Azamat,ᱟᱡᱟᱢᱟᱛ
Azarias,ᱟᱡᱟᱨᱤᱭᱟᱥ
Azrael,ᱟᱨᱡᱟᱭᱮᱞ
Azzo,ᱟᱡᱚ
Azzolino,ᱟᱡᱚᱞᱤᱱᱚ
