ᱥᱟᱱᱛᱟᱲᱤ,English,(ᱧᱩᱸ) ᱯᱟᱹᱨᱥᱤ ᱧᱩᱛᱩᱢ
ᱚ,O,(ᱧᱩᱸ) ᱯᱩᱭᱞᱩ ᱪᱤᱠᱤ ᱟᱹᱲᱟᱹ
ᱚ,anger,(ᱧᱩᱸ) ᱨᱟᱹᱜᱤ ; exclamation of anger
ᱚᱛ,Universe,(ᱧᱩᱸ) ᱚᱛ ᱥᱮᱨᱢᱟ
ᱚᱛ,world,(ᱧᱩᱸ) ᱚᱛ ᱥᱮᱨᱢᱟ
ᱚᱛ,earth,(ᱧᱩᱸ) ᱚᱛ ᱥᱮᱨᱢᱟ
ᱚᱛ,soil,(ᱧᱩᱸ) ᱚᱛ ᱥᱮᱨᱢᱟ
ᱚᱛ ᱠᱩᱱᱟᱹᱢᱤ,full moon,(ᱧᱩᱸ) ᱠᱩᱱᱟᱹᱢᱤ ; ᱯᱷᱟᱹᱜᱩᱱ ᱚᱛ ᱠᱩᱱᱟᱹᱢᱤ
ᱚᱛ ᱠᱳᱸᱫᱽᱨᱳ,leguminous plant,(ᱧᱩᱸ) ᱫᱟᱨᱮ
ᱚᱛ ᱢᱩᱨᱩᱫ,Small leguminous plant,(ᱧᱩᱸ) ᱫᱟᱨᱮ
ᱚᱛ ᱩᱜᱴᱟᱹᱭᱤᱡ,velid name for a pig,(ᱧᱩᱸ) ᱥᱩᱠᱨᱤ
ᱚᱛᱮ,monday,
ᱚᱜᱽᱷᱟᱢ,Ogham,
ᱚᱞ ᱪᱤᱠᱤ,Ol Chiki,
ᱚᱠᱟ ᱯᱟᱹᱨᱥᱤ ᱵᱟᱹᱱᱩᱜᱼᱟ,No linguistic content,
ᱚᱠᱴᱚᱵᱚᱨ,october,
ᱚᱥᱟᱜᱽ,Osage,
ᱚᱥᱢᱟᱱᱭᱟ,Osmanya,
ᱚᱥᱴᱨᱤᱭᱟ ᱡᱟᱨᱢᱟᱱ,Austrian German,
ᱚᱥᱴᱨᱮᱞᱤᱭᱟᱱ ᱟᱝᱜᱽᱨᱮᱡᱤ,Australian English,
ᱚᱨᱠᱷᱚᱱ,Orkhon,
ᱚᱫᱟ,ginger,
ᱚᱮᱴᱩᱨᱤᱭᱟᱹᱱ,Asturian,
ᱚᱱᱟ,that,
ᱚᱲᱟᱜ,House,(ᱧᱩᱸ)
ᱚᱴᱟ,flour,
ᱛᱚᱛᱠᱟ,back of head,
ᱛᱚᱣᱟ,milk,
ᱛᱚᱣᱟ ᱨᱮᱭᱟᱜ ᱪᱟᱭ,coffee,
ᱛᱟ.ᱨᱩ,palate,
ᱛᱟ.ᱨᱩᱵ,tiger,
ᱛᱟᱞᱟ ᱤᱝᱨᱟᱡᱤ,Middle English,
ᱛᱟᱞᱟ ᱤᱨᱤᱥ,Middle Irish,
ᱛᱟᱞᱟ ᱦᱟᱭ ᱡᱟᱹᱨᱢᱟᱹᱱ,Middle High German,
ᱛᱟᱞᱟ ᱯᱷᱨᱮᱸᱪ,Middle French,
ᱛᱟᱞᱟ ᱰᱚᱪ,Middle Dutch,
ᱛᱟᱞᱤᱥ,Talysh,
ᱛᱟᱡᱤᱠ,Tajik,
ᱛᱟᱢᱟᱥᱮᱠᱷ,Tamashek,
ᱛᱟᱢᱤᱞ,Tamil,
ᱛᱟᱦᱮᱨ,cucumber,
ᱛᱟᱨᱚᱠᱚ,Taroko,
ᱛᱟᱨᱮᱱ,shoulder,
ᱛᱟᱭ ᱞᱮ,Tai Le,
ᱛᱟᱭ ᱵᱷᱤᱭᱮᱛ,Tai Viet,
ᱛᱟᱮᱟᱣᱟᱠ,Tasawaq,
ᱛᱤ,hand,
ᱛᱤᱨᱦᱩᱴᱟ,Tirhuta,
ᱛᱤᱵᱮᱛᱟᱱ,Tibetan,
ᱛᱤᱵᱮᱴᱟᱱ,Tibetan,
ᱛᱤᱷ ᱛᱟᱞᱠᱷᱟ,palm,
ᱛᱩᱨᱠᱢᱮᱱ,Turkmen,
ᱛᱩᱨᱠᱤᱥ,Turkish,
ᱛᱩᱨᱩᱭ,six,
ᱛᱩᱨᱩᱭ ᱜᱮᱞ,sixty,
ᱛᱩᱨᱩᱭ ᱜᱮᱞ ᱛᱩᱨᱩᱭ,sixty six,
ᱛᱩᱨᱩᱭ ᱜᱮᱞ ᱟᱨᱮᱞ,sixty nine,
ᱛᱩᱨᱩᱭ ᱜᱮᱞ ᱢᱚᱸᱬᱮ,sixty five,
ᱛᱩᱨᱩᱭ ᱜᱮᱞ ᱢᱤᱫ,sixty one,
ᱛᱩᱨᱩᱭ ᱜᱮᱞ ᱤᱨᱟ.ᱞ,sixty eight,
ᱛᱩᱨᱩᱭ ᱜᱮᱞ ᱮᱭᱟᱭ,sixty seven,
ᱛᱩᱨᱩᱭ ᱜᱮᱞ ᱯᱩᱱ,sixty four,
ᱛᱩᱨᱩᱭ ᱜᱮᱞ ᱯᱮ,sixty three,
ᱛᱩᱨᱩᱭ ᱜᱮᱞ ᱵᱟᱨ,sixty two,
ᱛᱩᱭᱩ,fox,
ᱛᱩᱲ,squirrel,
ᱛᱩᱲᱤ,mustard,
ᱛᱩᱲᱤ ᱥᱩᱱᱩᱢ,mustard oil,
ᱛᱮ,into,
ᱛᱮᱞᱜᱩ,Telugu,
ᱛᱮᱨᱮᱱᱚ,Tereno,
ᱛᱷᱚᱛᱱᱟ,cheek,
ᱛᱷᱟᱭ,Thai,
ᱛᱷᱟᱱᱟ,Thaana,
ᱜᱚᱛᱷᱤᱠ,Gothic,
ᱜᱚᱢᱵᱟ,Ngomba,
ᱜᱚᱣᱟᱱ ᱠᱚᱱᱠᱟᱱᱤ,Goan Konkani,
ᱜᱚᱨᱚᱱᱴᱟᱞᱚ,Gorontalo,
ᱜᱚᱱᱰᱤ,Gondi,
ᱜᱚᱲᱚᱢ ᱦᱚᱲᱟᱢ,maternal grandfather,
ᱜᱚᱲᱚᱢ ᱦᱟᱲᱟᱢ,grand father,
ᱜᱚᱲᱚᱢ ᱵᱩᱲᱷᱤ,grand mother,
ᱜᱚᱲᱚᱢ ᱵᱩᱲᱷᱤ,maternal grandmother,
ᱜᱞᱟᱜᱚᱞᱤᱴᱤᱠ,Glagolitic,
ᱜᱟ,Ga,
ᱜᱟ.ᱭ,cow,
ᱜᱟᱛᱮ,friend,
ᱜᱟᱜᱟᱩᱡᱽ,Gagauz,
ᱜᱟᱞᱤᱥᱤᱭᱟᱹᱱ,Galician,
ᱜᱟᱡᱚᱨ,carrot,
ᱜᱟᱫᱷᱟ,ass,
ᱜᱟᱭᱟ,Gbaya,
ᱜᱟᱭᱳ,Gayo,
ᱜᱟᱱ ᱪᱟᱭᱱᱤᱡᱽ,Gan Chinese,
ᱜᱟᱱᱰᱟ,Ganda,
ᱜᱣᱤᱪᱤᱱ,Gwichʼin,
ᱜᱤᱞᱟᱠᱤ,Gilaki,
ᱜᱤᱞᱵᱟᱹᱨᱴᱤᱡᱽ,Gilbertese,
ᱜᱤᱡᱽ,Geez,
ᱜᱤᱫᱤ,vulture,
ᱜᱨᱮᱵᱚ,Grebo,
ᱜᱩᱡᱨᱟᱴᱤ,Gujarati,
ᱜᱩᱡᱽᱨᱟᱴᱤ,Gujarati,
ᱜᱩᱣᱟᱨᱟᱱᱤ,Guarani,
ᱜᱩᱥᱤ,Gusii,
ᱜᱩᱦᱩᱢ,wheat,
ᱜᱩᱨᱩ,preceptor,
ᱜᱩᱨᱩᱢᱩᱠᱷᱤ,Gurmukhi,
ᱜᱩᱱᱡᱟᱞᱟ ᱜᱚᱱᱰᱤ,Gunjala Gondi,
ᱜᱩᱱᱩᱱ,Adjective,
ᱜᱮᱞ,ten,
ᱜᱮᱞ ᱛᱩᱨᱩᱭ,sixteen,
ᱜᱮᱞ ᱟᱨᱮᱞ,nineteen,
ᱜᱮᱞ ᱢᱚᱸᱬᱮ,fifteen,
ᱜᱮᱞ ᱢᱤᱫ,eleven,
ᱜᱮᱞ ᱤᱨᱟ.ᱞ,eighteen,
ᱜᱮᱞ ᱮᱭᱟᱭ,seventeen,
ᱜᱮᱞ ᱯᱤᱱ,fourteen,
ᱜᱮᱞ ᱯᱮ,thirteen,
ᱜᱮᱞ ᱵᱟᱨ,twelve,
ᱜᱮᱞᱢᱚᱲᱚᱭ,ten lac,
ᱜᱮᱞᱤᱠ ᱞᱮᱴᱤᱱ,Gaelic Latin,
ᱜᱮᱞᱥᱟᱥᱟᱭ,ten thousand,
ᱜᱮᱨᱩᱟ,orange,
ᱜᱮᱲᱮ,duck,
ᱜᱷᱚᱢᱟᱞᱟ,Ghomala,
ᱜᱷᱟᱱᱴᱟᱲ,jack fruit,
ᱜᱷᱮᱜᱽ ᱟᱞᱵᱟᱱᱤᱭᱟᱹᱱ,Gheg Albanian,
ᱜᱽᱨᱟᱱᱛᱷᱟ,Grantha,
ᱜᱽᱨᱤᱠ,Greek,
ᱞᱚ ᱡᱟᱹᱨᱢᱟᱹᱱ,Low German,
ᱞᱚ ᱥᱟᱠᱥᱚᱱ,Low Saxon,
ᱞᱚᱞᱚ,hot,
ᱞᱚᱡᱤ,Lozi,
ᱞᱚᱡᱽᱵᱟᱱ,Lojban,
ᱞᱚᱢᱟ,Loma,
ᱞᱚᱢᱵᱟᱨᱰ,Lombard,
ᱞᱚᱣᱟᱹᱨ ᱥᱚᱨᱵᱤᱭᱟᱹᱱ,Lower Sorbian,
ᱞᱚᱣᱟᱹᱨ ᱥᱤᱞᱮᱥᱤᱭᱟᱹᱱ,Lower Silesian,
ᱞᱟᱝᱜᱤ,Langi,
ᱞᱟᱠᱚᱴᱟ,Lakota,
ᱞᱟᱡᱽ,stomach,
ᱞᱟᱡᱽ,Laz,
ᱞᱟᱢᱵᱟ,Lamba,
ᱞᱟᱣ,Lao,
ᱞᱟᱤᱱ,Latin,
ᱞᱟᱦᱟᱱᱰᱟ,Lahnda,
ᱞᱟᱭᱥᱤᱭᱟᱹᱱ,Lycian,
ᱞᱟᱰᱤᱱᱚ,Ladino,
ᱞᱟᱱᱟ,Lanna,
ᱞᱟᱴᱜᱟᱞᱤᱞᱟᱹᱱ,Latgalian,
ᱞᱟᱴᱤᱣᱟᱱ,Latvian,
ᱞᱣᱚ,Luo,
ᱞᱤᱛᱷᱩᱱᱤᱭᱟᱹᱱ,Lithuanian,
ᱞᱤᱜᱩᱨᱤᱭᱟᱱ,Ligurian,
ᱞᱤᱞ,blue,
ᱞᱤᱢᱵᱩ,Limbu,
ᱞᱤᱢᱵᱩᱨᱜᱤᱥ,Limburgish,
ᱞᱤᱣᱚᱱᱤᱭᱟᱹᱱ,Livonian,
ᱞᱤᱪᱩ,lychee,
ᱞᱤᱱᱜᱟᱞᱟ,Lingala,
ᱞᱤᱱᱜᱩᱣᱟ ᱯᱷᱨᱟᱱᱠᱟ ᱱᱚᱣᱟ,Lingua Franca Nova,
ᱞᱤᱴᱟᱹᱨᱟᱨᱤ ᱪᱟᱭᱱᱤᱡᱽ,Literary Chinese,
ᱞᱩᱛᱩᱨ,ear,
ᱞᱩᱞᱮ ᱥᱟᱢᱤ,Lule Sami,
ᱞᱩᱠᱥᱮᱢᱵᱚᱨᱜᱤᱥ,Luxembourgish,
ᱞᱩᱣᱤᱥᱮᱱᱚ,Luiseno,
ᱞᱩᱭᱤᱭᱟ,Luyia,
ᱞᱩᱭᱥᱤᱭᱟᱱᱟ ᱠᱨᱮᱚᱞᱮ,Louisiana Creole,
ᱞᱩᱱᱰᱟ,Lunda,
ᱞᱩᱴᱤ,lip,
ᱞᱩᱵᱟᱼᱞᱩᱞᱩᱣᱟ,Luba-Lulua,
ᱞᱩᱵᱟᱼᱠᱟᱹᱡᱟᱹᱝᱜᱟ,Luba-Katanga,
ᱞᱭᱰᱤᱭᱟᱹᱱ,Lydian,
ᱞᱮᱡᱽᱜᱷᱤᱭᱟᱱ,Lezghian,
ᱞᱮᱯᱪᱟ,Lepcha,
ᱞᱮᱴᱠᱟ ᱪᱮᱸᱬᱮ,sparrow,
ᱞᱮᱴᱤᱱ,Latin,
ᱞᱮᱴᱤᱱ ᱟᱢᱮᱨᱤᱠᱟᱱ ᱥᱯᱮᱱᱤᱥ,Latin American Spanish,
ᱟ,Unknown,
ᱟ.ᱞᱩ,potato,
ᱟᱜᱚᱥᱴ,august,
ᱟᱜᱷᱮᱢ,Aghem,
ᱟᱝᱜᱽᱨᱮᱡᱤ,English,
ᱟᱞᱜᱟᱣᱟᱠᱟᱱ ᱢᱟᱫᱟᱨᱤᱱ ᱪᱟᱭᱱᱤᱡᱽ,Simplified Mandarin Chinese,
ᱟᱞᱜᱟᱣᱟᱠᱟᱱ ᱪᱟᱭᱱᱤᱡᱽ,Simplified Chinese,
ᱟᱞᱟᱝ,tongue,
ᱟᱞᱟᱵᱟᱢᱟ,Alabama,
ᱟᱞᱡᱮᱨᱤᱭᱟᱹᱱ ᱟᱹᱨᱮᱵᱤᱠ,Algerian Arabic,
ᱟᱞᱮ,we,
ᱟᱞᱮᱩᱴ,Aleut,
ᱟᱞᱵᱟᱱᱤᱭᱟᱹᱱ,Albanian,
ᱟᱠᱟᱰᱤᱭᱟᱹᱱ,Akkadian,
ᱟᱠᱩᱡᱽ,Akoose,
ᱟᱠᱮᱱ,Akan,
ᱟᱠᱷᱤᱱᱤᱡᱽ,Achinese,
ᱟᱡ,he/she,
ᱟᱡ(ᱠᱩᱲᱤ),she,
ᱟᱢ,you,
ᱟᱢᱜᱮ,you only,
ᱟᱢᱟᱜ,your,
ᱟᱢᱮᱨᱤᱠᱟ,America,
ᱟᱢᱮᱨᱤᱠᱟᱱ ᱟᱝᱜᱽᱨᱮᱡᱤ,American English,
ᱟᱣᱟᱨᱤᱠ,Avaric,
ᱟᱣᱮᱥᱴᱟᱱ,Avestan,
ᱟᱤᱩ,Asu,
ᱟᱥᱟᱢᱤᱡᱽ,Assamese,
ᱟᱨ,and,
ᱟᱨᱚᱢᱟᱱᱤᱭᱟᱹᱱ,Aromanian,
ᱟᱨᱜᱚᱱᱤᱡᱽ,Aragonese,
ᱟᱨᱟᱚᱱᱟ,Araona,
ᱟᱨᱟᱜ,red,
ᱟᱨᱟᱜ ᱢᱩᱞᱟ,carrot,
ᱟᱨᱟᱜ ᱢᱩᱞᱟ.,turnip,
ᱟᱨᱟᱢᱟᱭᱤᱠ,Aramaic,
ᱟᱨᱟᱣᱟᱠ,Arawak,
ᱟᱨᱟᱯᱟᱦᱚ,Arapaho,
ᱟᱨᱢᱮᱱᱤᱭᱟᱹᱱ,Armenian,
ᱟᱨᱮᱞ,nine,
ᱟᱨᱮᱞ ᱜᱮᱞ,ninety,
ᱟᱨᱮᱞ ᱜᱮᱞ ᱛᱩᱨᱩᱭ,ninety six,
ᱟᱨᱮᱞ ᱜᱮᱞ ᱟᱨᱮᱞ,ninety nine,
ᱟᱨᱮᱞ ᱜᱮᱞ ᱢᱚᱸᱬᱮ,ninety five,
ᱟᱨᱮᱞ ᱜᱮᱞ ᱢᱤᱫ,ninety one,
ᱟᱨᱮᱞ ᱜᱮᱞ ᱤᱨᱟ.ᱞ,ninety eight,
ᱟᱨᱮᱞ ᱜᱮᱞ ᱮᱭᱟᱭ,ninety seven,
ᱟᱨᱮᱞ ᱜᱮᱞ ᱯᱩᱱ,ninety four,
ᱟᱨᱮᱞ ᱜᱮᱞ ᱯᱮ,ninety three,
ᱟᱨᱮᱞ ᱜᱮᱞ ᱵᱟᱨ,ninety two,
ᱟᱨᱯᱤᱴᱟᱱ,Arpitan,
ᱟᱨᱵᱟᱝ,or,
ᱟᱪᱟᱨ,pickle,
ᱟᱪᱮᱛ,pupil,
ᱟᱭᱢᱟ ᱯᱟᱹᱨᱤ,Multiple languages,
ᱟᱭᱢᱟᱨᱟ,Aymara,
ᱟᱭᱤᱥᱞᱮᱱᱰᱤᱠ,Icelandic,
ᱟᱭᱱᱩ,Ainu,
ᱟᱭᱳ,mother,
ᱟᱯᱷᱟᱠᱟ,Afaka,
ᱟᱯᱷᱨᱤᱠᱟᱱᱥ,Afrikaans,
ᱟᱰᱞᱟᱢ,Adlam,
ᱟᱱᱟᱨ,pomegranate,
ᱟᱱᱟᱴᱚᱞᱤᱭᱟᱹᱱ ᱦᱟᱭᱨᱚᱡᱷᱟᱞᱠᱟᱣ,Anatolian Hieroglyphs,
ᱟᱴᱥᱟᱢ,Atsam,
ᱟᱸᱜᱩᱨ,grape,
ᱟᱹᱝᱜᱤᱠᱟ,Angika,
ᱟᱹᱞᱟᱝ,we two,
ᱟᱹᱠᱚᱞᱤ,Acoli,
ᱟᱹᱡᱟᱹᱨᱵᱮᱭᱡᱟᱱᱤ,Azerbaijani,
ᱟᱹᱡᱮᱨᱤ,Azeri,
ᱟᱹᱢᱦᱟᱹᱨᱤᱠ,Amharic,
ᱟᱹᱢᱮᱨᱤᱠᱟᱹᱱ ᱪᱤᱱᱦᱟᱹ ᱯᱟᱹᱨᱥᱤ,American Sign Language,
ᱟᱹᱣᱫᱷᱤ,Awadhi,
ᱟᱹᱣᱮᱥᱴᱟᱱ,Avestan,
ᱟᱹᱦᱚᱢ,Ahom,
ᱟᱹᱨᱵᱤ,Arabic,
"ᱟᱹᱨᱵᱤ, ᱱᱟᱹᱡᱽᱫᱤ","Arabic, Najdi",
ᱟᱹᱯᱷᱟᱹᱨ,Afar,
ᱟᱹᱯᱷᱨᱤᱦᱤᱞᱤ,Afrihili,
ᱟᱹᱰᱟᱱᱜᱢᱮ,Adangme,
ᱟᱹᱰᱤᱜᱷᱮ,Adyghe,
ᱟᱹᱵᱠᱷᱟᱡᱤᱭᱟᱹᱱ,Abkhazian,
ᱠᱚ,are,
ᱠᱚᱝᱜᱚ,Kongo,
ᱠᱚᱝᱜᱚ ᱥᱣᱟᱦᱤᱞᱤ,Congo Swahili,
ᱠᱚᱞᱚᱜᱱᱤᱭᱟᱹᱱ,Colognian,
ᱠᱚᱞᱴᱤᱠ,Coptic,
ᱠᱚᱡᱚᱨ,owl,
ᱠᱚᱢ,Kom,
ᱠᱚᱢᱚᱨᱤᱭᱟᱹᱱ,Comorian,
ᱠᱚᱢᱚᱱ,Common,
"ᱠᱚᱢᱞᱟ, ᱡᱟ.ᱢᱵᱤᱨ",orange,
ᱠᱚᱢᱤ,Komi,
ᱠᱚᱢᱤᱼᱡᱟᱹᱨᱢᱤᱭᱟᱠ,Komi-Permyak,
ᱠᱚᱥᱨᱟᱤᱭᱟᱹᱱ,Kosraean,
ᱠᱚᱨᱚ,Koro,
ᱠᱚᱨᱟᱥᱢᱤᱭᱟᱹᱱ,Chorasmian,
ᱠᱚᱨᱤᱭᱟᱹᱱ,Korean,
ᱠᱚᱨᱥᱤᱠᱟᱱ,Corsican,
ᱠᱚᱨᱱᱤᱥ,Cornish,
ᱠᱚᱭᱨᱟ ᱪᱷᱤᱱᱤ,Koyra Chiini,
ᱠᱚᱭᱨᱟᱵᱚᱨᱚ ᱥᱮᱱᱤ,Koyraboro Senni,
ᱠᱚᱯᱴᱤᱠ,Coptic,
ᱠᱚᱱᱠᱟᱱᱤ,Konkani,
ᱠᱚᱲᱟᱢ,chest,
ᱠᱚᱴᱟᱣᱟ,Kotava,
ᱠᱚᱸᱭᱮ ᱟᱹᱞᱛᱟᱭ,Southern Altai,
ᱠᱚᱸᱭᱮ ᱠᱩᱨᱫᱤᱥ,Southern Kurdish,
ᱠᱚᱸᱭᱮ ᱥᱚᱛᱷᱚ,Southern Sotho,
ᱠᱚᱸᱭᱮ ᱥᱟᱢᱤ,Southern Sami,
ᱠᱚᱸᱭᱮ ᱱᱮᱵᱮᱞᱮ,South Ndebele,
ᱠᱞᱟᱥᱤᱠᱟᱞ ᱥᱭᱨᱤᱭᱟᱠ,Classical Syriac,
ᱠᱞᱟᱥᱤᱠᱟᱠ ᱱᱮᱣᱟᱨᱤ,Classical Newari,
ᱠᱞᱤᱝᱜᱚᱱ,Klingon,
ᱠᱟ.ᱠᱤ,aunt,
ᱠᱟ.ᱠᱤ,mother's sister,
ᱠᱟ.ᱦᱩ,crow,
ᱠᱟ.ᱴᱩᱵ,finger,
ᱠᱟᱞᱟᱞᱤᱥᱩᱴ,Kalaallisut,
ᱠᱟᱞᱢᱤᱠ,Kalmyk,
ᱠᱟᱞᱮᱱᱡᱤᱱ,Kalenjin,
ᱠᱟᱠᱚ,Kako,
ᱠᱟᱠᱟ,uncle,
ᱠᱟᱡᱟᱠᱷ,Kazakh,
ᱠᱟᱡᱩᱱ ᱯᱷᱨᱮᱧᱪ,Cajun French,
ᱠᱟᱢᱵᱟ,Kamba,
ᱠᱟᱣᱠᱟᱥᱤᱭᱟᱹᱱ ᱟᱞᱵᱟᱱᱤᱭᱟᱹᱱ,Caucasian Albanian,
ᱠᱟᱣᱤ,Kawi,
ᱠᱟᱨᱞᱟ,bitter gourd,
ᱠᱟᱨᱟᱪᱷᱮᱼᱵᱟᱞᱠᱟᱨ,Karachay-Balkar,
ᱠᱟᱨᱟᱼᱠᱟᱞᱯᱟᱠ,Kara-Kalpak,
ᱠᱟᱨᱤᱭᱟᱹᱱ,Carian,
ᱠᱟᱨᱤᱵ,Carib,
ᱠᱟᱨᱮᱞᱤᱭᱟᱹᱱ,Karelian,
ᱠᱟᱪᱤᱱ,Kachin,
ᱠᱟᱭᱛᱷᱤ,Kaithi,
ᱠᱟᱭᱟᱦ ᱞᱤ,Kayah Li,
ᱠᱟᱭᱨᱟ,banana,
ᱠᱟᱭᱩᱜᱟ,Cayuga,
ᱠᱟᱭᱮᱱᱜᱮᱝ,Kaingang,
ᱠᱟᱯᱤᱡᱽᱱᱚᱱ,Capiznon,
ᱠᱟᱰᱚ,Caddo,
ᱠᱟᱱᱟᱰᱟ,Kannada,
ᱠᱟᱱᱟᱰᱤᱭᱟᱱ ᱟᱝᱜᱽᱨᱮᱡᱤ,Canadian English,
ᱠᱟᱱᱟᱰᱤᱭᱟᱱ ᱯᱷᱨᱮᱧᱪ,Canadian French,
ᱠᱟᱱᱣᱟ,Verb,
ᱠᱟᱱᱩᱨᱤ,Kanuri,
ᱠᱟᱱᱮᱢᱵᱩ,Kanembu,
ᱠᱟᱱᱴᱚᱱᱤᱡᱽ,Cantonese,
ᱠᱟᱲᱟ,buffalo,
ᱠᱟᱴ ᱵᱟᱵᱟ,step father,
ᱠᱟᱴᱞᱟᱱ,Catalan,
ᱠᱟᱴᱟ,leg,
ᱠᱟᱴᱟᱠᱟᱱᱟ,Katakana,
ᱠᱟᱴᱟᱣᱟ ᱛᱟ.ᱨᱩᱵ,lion,
ᱠᱟᱵᱟᱨᱰᱤᱭᱟᱹᱱ,Kabardian,
ᱠᱟᱵᱩᱣᱟᱹᱨᱰᱤᱭᱟᱹᱱᱩ,Kabuverdianu,
ᱠᱟᱵᱮᱞ,Kabyle,
ᱠᱟᱹᱣᱰᱤ ᱮᱝᱜᱟ,sea shell,
ᱠᱟᱹᱥᱢᱤᱨᱤ,Kashmiri,
ᱠᱟᱹᱱᱟᱹᱰᱚ,Kannada,
ᱠᱣᱟᱥᱤᱭᱚ,Kwasio,
ᱠᱣᱮᱪᱷᱩᱣᱟ,Quechua,
ᱠᱤᱠᱩᱭᱩ,Kikuyu,
ᱠᱤᱢᱵᱩᱱᱰᱩ,Kimbundu,
ᱠᱤᱥᱱᱤ,myna,
ᱠᱤᱨᱜᱤᱡᱽ,Kyrgyz,
ᱠᱤᱨᱜᱷᱤᱡᱽ,Kirghiz,
ᱠᱤᱨᱢᱟᱱᱡᱽᱠᱤ,Kirmanjki,
ᱠᱤᱪᱮ,Kʼicheʼ,
ᱠᱤᱱ,is,
ᱠᱤᱱᱟᱨᱮᱼᱭᱟ,Kinaray-a,
ᱠᱤᱱᱭᱟᱨᱣᱟᱱᱰᱟ,Kinyarwanda,
ᱠᱨᱚᱮᱥᱤᱭᱟᱹᱱ,Croatian,
ᱠᱨᱤ,Cree,
ᱠᱨᱤᱢᱤᱭᱟᱹᱱ ᱛᱩᱨᱠᱤᱥ,Crimean Turkish,
ᱠᱨᱤᱭᱚ,Krio,
ᱠᱩᱞᱟ.ᱭ,rabbit,
ᱠᱩᱢᱤᱠ,Kumyk,
ᱠᱩᱣᱟᱱᱭᱟᱢᱟ,Kuanyama,
ᱠᱩᱥᱩᱵᱤᱭᱟᱹᱱ,Kashubian,
"ᱠᱩᱨᱜᱤᱥ, ᱥᱚᱨᱟᱢᱤ","Kurdish, Sorani",
ᱠᱩᱨᱥᱮᱱᱴᱨᱟᱞ,"Kurdish, Central",
ᱠᱩᱨᱩᱠᱷ,Kurukh,
ᱠᱩᱨᱫᱤᱥ,Kurdish,
ᱠᱩᱲᱤᱫ,eagle,
ᱠᱩᱴᱮᱱᱟᱭ,Kutenai,
ᱠᱮᱱᱭᱟᱱ,Kenyang,
ᱠᱷᱚᱡᱽᱠᱤ,Khojki,
ᱠᱷᱚᱣᱟᱨ,Khowar,
ᱠᱷᱚᱴᱟᱱᱤᱡᱽ,Khotanese,
ᱠᱷᱟ.ᱡᱩᱨ,date,
ᱠᱷᱟᱛᱟ,copy/note,
ᱠᱷᱟᱥᱤ,Khasi,
ᱠᱷᱟᱨᱚᱥᱛᱤ,Kharoshthi,
ᱠᱷᱟᱯᱨᱤ,skull,
ᱠᱷᱢᱮᱨ,Khmer,
ᱠᱷᱤᱛᱟᱱ ᱢᱟᱨᱮ ᱪᱤᱠᱤ,Khitan small script,
ᱠᱷᱩᱰᱟᱣᱟᱰᱤ,Khudawadi,
ᱡᱚᱝᱠᱷᱟ,Dzongkha,
ᱡᱚᱞᱟᱼᱯᱷᱚᱱᱭᱤ,Jola-Fonyi,
ᱡᱚᱡᱚ ᱡᱚ,tamarind,
ᱡᱚᱢ,to eat,
ᱡᱚᱢ,eat,
ᱡᱚᱨᱚᱣᱟᱥᱴᱨᱤᱭᱟᱱ ᱰᱟᱨᱤ,Zoroastrian Dari,
ᱡᱚᱱᱚᱲᱟ,maiz,
ᱡᱟ.ᱨᱩᱵ,friday,
ᱡᱟᱝ,bone,
ᱡᱟᱝᱜᱟ,foot,
ᱡᱟᱝᱜᱟ ᱛᱷᱚᱯᱮ,feet,
ᱡᱟᱡᱟ,Zaza,
ᱡᱟᱢᱚ,Jamo,
ᱡᱟᱢᱟᱭᱠᱟᱱ ᱠᱨᱮᱚᱞᱮ ᱤᱝᱞᱤᱥ,Jamaican Creole English,
ᱡᱟᱣᱜᱟᱭ,Zawgyi,
ᱡᱟᱣᱟᱱᱤᱡᱽ,Javanese,
ᱡᱟᱨᱢᱟ,Zarma,
ᱡᱟᱨᱢᱟᱱ,German,
ᱡᱟᱯᱚᱴᱮᱠ,Zapotec,
ᱡᱟᱯᱟᱱᱤᱡᱽ,Japanese,
ᱡᱟᱯᱟᱱᱤᱡᱽ ᱥᱭᱞᱟᱵᱟᱨᱤᱥ,Japanese syllabaries,
ᱡᱟᱱᱟᱵᱟᱡᱟᱨ ᱥᱠᱣᱮᱨ,Zanabazar Square,
ᱡᱟᱱᱩᱟᱨᱤ,january,
ᱡᱟᱲᱟ,papaya,
ᱡᱟᱶᱟᱭ,husband,
ᱡᱟᱶᱟᱭ ᱜᱚᱢᱠᱮ,son in law,
ᱡᱤᱞ,meat,
ᱡᱤᱞ,deer,
ᱡᱤᱞ ᱦᱤᱡ ᱜᱤᱫᱨᱟ.,fawn,
ᱡᱤᱞᱟᱱᱰᱤᱠ,Zeelandic,
ᱡᱤᱢᱟ,Nzima,
ᱡᱤᱭᱚᱨᱡᱤᱭᱟᱹᱱ,Georgian,
ᱡᱤᱭᱚᱨᱡᱤᱭᱟᱹᱱ ᱠᱷᱩᱴᱥᱩᱨᱤ,Georgian Khutsuri,
ᱡᱤᱴᱤᱥ,Jutish,
ᱡᱩ,Jju,
ᱡᱩᱞᱟ.,raddish,
ᱡᱩᱞᱩ,Zulu,
ᱡᱩᱞᱭ,july,
ᱡᱩᱢᱤᱫ ᱠᱟᱱᱟᱰᱤᱭᱟᱹᱱ ᱮᱵᱚᱨᱤᱡᱤᱱᱟᱞ ᱥᱭᱞᱟᱵᱤᱠᱥ,Unified Canadian Aboriginal Syllabics,
ᱡᱩᱨᱪᱷᱮᱱ,Jurchen,
ᱡᱩᱰᱤᱭᱚᱼᱟᱹᱨᱵᱤ,Judeo-Arabic,
ᱡᱩᱰᱤᱭᱚᱼᱯᱟᱹᱨᱥᱤᱭᱟᱹᱱ,Judeo-Persian,
ᱡᱩᱱ,june,
ᱡᱩᱱᱤ,Zuni,
ᱡᱮᱠ,Czech,
ᱡᱮᱱᱟᱜᱟ,Zenaga,
ᱡᱷᱩᱣᱟᱝ,Zhuang,
ᱢᱚᱝ,Hmong,
ᱢᱚᱞᱚᱝ,forehead,
ᱢᱚᱞᱰᱟᱵᱷᱤᱭᱟᱹᱱ,Moldavian,
ᱢᱚᱠᱟ,elbow,
ᱢᱚᱠᱥᱷᱟ,Moksha,
ᱢᱚᱥᱞᱟ ᱥᱟᱠᱟᱢ,coriender,
ᱢᱚᱥᱤ,Mossi,
ᱢᱚᱦᱟᱣᱟᱠ,Mohawk,
ᱢᱚᱨᱚᱠᱟᱱ ᱟᱹᱨᱵᱤ,Moroccan Arabic,
ᱢᱚᱨᱤᱥᱭᱮᱱ,Morisyen,
ᱢᱚᱪᱟ,mouth,
ᱢᱚᱫᱤ,Modi,
ᱢᱚᱰᱮᱱ ᱥᱴᱟᱱᱰᱟᱨᱰ ᱟᱹᱨᱵᱤ,Modern Standard Arabic,
ᱢᱚᱱᱜᱚ,Mongo,
ᱢᱚᱱᱜᱚᱞᱤᱭᱟᱹᱱ,Mongolian,
ᱢᱚᱱᱫᱤᱨ,temple,
ᱢᱚᱱᱴᱮᱱᱮᱜᱽᱨᱤᱱ,Montenegrin,
ᱢᱚᱲᱚᱭ,lac,
ᱢᱚᱲᱟ,face,
ᱢᱚᱴᱚᱨ ᱪᱷᱚᱞᱟ,pea,
ᱢᱚᱸᱬᱮ,five,
ᱢᱚᱸᱬᱮ ᱜᱮᱞ,fifty,
ᱢᱚᱸᱬᱮ ᱜᱮᱞ ᱛᱩᱨᱩᱭ,fifty six,
ᱢᱚᱸᱬᱮ ᱜᱮᱞ ᱟᱨᱮᱞ,fifty nine,
ᱢᱚᱸᱬᱮ ᱜᱮᱞ ᱢᱚᱸᱬᱮ,fifty five,
ᱢᱚᱸᱬᱮ ᱜᱮᱞ ᱢᱤᱫ,fifty one,
ᱢᱚᱸᱬᱮ ᱜᱮᱞ ᱤᱨᱟ.ᱞ,fifty eight,
ᱢᱚᱸᱬᱮ ᱜᱮᱞ ᱮᱭᱟᱭ,fifty seven,
ᱢᱚᱸᱬᱮ ᱜᱮᱞ ᱯᱩᱱ,fifty four,
ᱢᱚᱸᱬᱮ ᱜᱮᱞ ᱯᱮ,fifty three,
ᱢᱚᱸᱬᱮ ᱜᱮᱞ ᱵᱟᱨ,fifty two,
ᱢᱟ.ᱨᱤᱪ,chilli,
ᱢᱟᱜᱟᱦᱤ,Magahi,
ᱢᱟᱝᱠᱥ,Manx,
ᱢᱟᱞᱟᱜᱟᱥᱭ,Malagasy,
ᱢᱟᱞᱟᱭ,Malay,
ᱢᱟᱞᱟᱭᱟᱞᱟᱢ,Malayalam,
ᱢᱟᱞᱟᱭᱟᱞᱟᱹᱢ,Malayalam,
ᱢᱟᱞᱴᱤᱡᱽ,Maltese,
ᱢᱟᱠᱚᱱᱰᱮ,Makonde,
ᱢᱟᱠᱟᱥᱟᱨ,Makasar,
ᱢᱟᱠᱷᱩᱣᱟᱼᱢᱤᱴᱩ,Makhuwa-Meetto,
ᱢᱟᱡᱟᱱᱰᱮᱨᱟᱱᱤ,Mazanderani,
ᱢᱟᱢᱟ,maternal uncle,
ᱢᱟᱢᱤ,maternal aunt,
ᱢᱟᱣᱨᱤ,Māori,
ᱢᱟᱥᱟᱨᱟᱢ ᱜᱚᱱᱰᱤ,Masaram Gondi,
ᱢᱟᱥᱟᱭ,Masai,
ᱢᱟᱥᱮᱰᱚᱱᱤᱭᱟᱹᱱ,Macedonian,
ᱢᱟᱦᱟᱡᱟᱱᱤ,Mahajani,
ᱢᱟᱨᱟᱜ,peacock,
ᱢᱟᱨᱟᱝ ᱜᱮᱰᱮ,swan,
ᱢᱟᱨᱟᱴᱷᱤ,Marathi,
ᱢᱟᱨᱣᱟᱨᱤ,Marwari,
ᱢᱟᱨᱤ,Mari,
ᱢᱟᱨᱥᱟᱯᱤᱥ,Marshallese,
ᱢᱟᱨᱪ,march,
ᱢᱟᱨᱪᱷᱮᱱ,Marchen,
ᱢᱟᱨᱮ ᱠᱚᱭᱮᱸ ᱟᱹᱨᱵᱤ,Old South Arabian,
ᱢᱟᱨᱮ ᱤᱝᱞᱤᱥ,Old English,
ᱢᱟᱨᱮ ᱤᱨᱤᱥ,Old Irish,
ᱢᱟᱨᱮ ᱤᱴᱟᱞᱤᱠ,Old Italic,
ᱢᱟᱨᱮ ᱥᱚᱜᱽᱰᱤᱭᱟᱹᱱ,Old Sogdian,
ᱢᱟᱨᱮ ᱦᱟᱹᱱᱜᱟᱨᱤᱭᱟᱹᱱ,Old Hungarian,
ᱢᱟᱨᱮ ᱩᱥᱩᱞ ᱡᱟᱹᱨᱢᱟᱹᱱ,Old High German,
ᱢᱟᱨᱮ ᱪᱚᱨᱪ ᱥᱞᱟᱣᱚᱱᱤᱠ ᱥᱭᱨᱤᱞᱤᱠ,Old Church Slavonic Cyrillic,
ᱢᱟᱨᱮ ᱮᱛᱚᱢ ᱟᱹᱨᱵᱤ,Old North Arabian,
ᱢᱟᱨᱮ ᱯᱟᱹᱨᱢᱤᱠ,Old Permic,
ᱢᱟᱨᱮ ᱯᱟᱹᱨᱥᱤᱭᱟᱹᱱ,Old Persian,
ᱢᱟᱨᱮ ᱯᱨᱚᱵᱷᱮᱱᱠᱟᱞ,Old Provençal,
ᱢᱟᱨᱮ ᱯᱷᱨᱮᱧᱪ,Old French,
ᱢᱟᱨᱮ ᱱᱚᱨᱥ,Old Norse,
ᱢᱟᱪᱮᱛ,teacher,
ᱢᱟᱭᱟᱢ,blood,
ᱢᱟᱭᱟᱱ ᱦᱟᱭᱨᱚᱜᱞᱤᱢᱯᱥ,Mayan hieroglyphs,
ᱢᱟᱭᱤᱱ,Myene,
ᱢᱟᱭᱫᱟ,maida,
ᱢᱟᱯᱩᱪᱷᱮ,Mapuche,
ᱢᱟᱯᱷᱟ,Mafa,
ᱢᱟᱱᱚᱠ ᱢᱚᱨᱚᱠᱟᱱ ᱴᱟᱢᱟᱡᱤᱜᱷᱛ,Standard Moroccan Tamazight,
ᱢᱟᱱᱤᱪᱷᱟᱤᱭᱟᱱ,Manichaean,
ᱢᱟᱱᱪᱷᱩ,Manchu,
ᱢᱟᱱᱰᱟᱨ,Mandar,
ᱢᱟᱱᱰᱤᱭᱟᱹᱱ,Mandaean,
ᱢᱟᱱᱰᱤᱱᱜᱚ,Mandingo,
ᱢᱟᱱᱰᱩᱨᱤᱡᱽ,Madurese,
ᱢᱟᱴᱤᱭᱟᱲ,brown,
ᱢᱟᱵᱟ,Maba,
ᱢᱟᱹᱪᱢᱮ,Machame,
ᱢᱟᱹᱭᱛᱷᱤᱞᱤ,Maithili,
ᱢᱟᱹᱱᱤᱯᱩᱨᱤ,Manipuri,
ᱢᱟᱹᱱᱰᱟᱨᱤᱭᱟᱹᱱ ᱪᱟᱭᱱᱤᱡᱽ,Mandarin Chinese,
ᱢᱤᱠᱢᱟᱠ,Mi'kmaq,
ᱢᱤᱡᱚ,Mizo,
ᱢᱤᱥᱨᱤ ᱪᱤᱱᱤ,sugar candy,
ᱢᱤᱨᱟᱱᱰᱤᱡᱽ,Mirandese,
ᱢᱤᱨᱩ,parrot,
ᱢᱤᱫ,one,
ᱢᱤᱫ ᱥᱟᱭ,one hundred,
ᱢᱤᱱ ᱱᱟᱱ ᱪᱟᱭᱱᱤᱡᱽ,Min Nan Chinese,
ᱢᱤᱱᱜᱽᱨᱮᱞᱤᱭᱟᱹᱱ,Mingrelian,
ᱢᱤᱱᱟᱝᱠᱟᱵᱩ,Minangkabau,
ᱢᱨᱚ,Mro,
ᱢᱩ,nose,
ᱢᱩᱛᱩ,genital,
ᱢᱩᱞᱛᱟᱱᱤ,Multani,
ᱢᱩᱥᱞᱤᱢ ᱴᱟᱴ,Muslim Tat,
ᱢᱩᱥᱠᱚᱜᱤ,Muscogee,
ᱢᱩᱨᱛᱤ,statue,
ᱢᱩᱱ,Moon,
ᱢᱩᱱᱰᱟᱹᱜᱽ,Mundang,
ᱢᱭᱟᱢᱟᱨ,Myanmar,
ᱢᱭᱟᱱᱢᱟᱨ ᱯᱟᱹᱨᱤ,Myanmar Language,
ᱢᱮᱛᱷᱢᱮᱴᱤᱠᱟᱞ ᱱᱚᱴᱮᱥᱚᱱ,Mathematical Notation,
ᱢᱮᱠᱥᱤᱠᱟᱱ ᱥᱯᱮᱱᱤᱥ,Mexican Spanish,
ᱢᱮᱨᱚᱢ,he goat,
ᱢᱮᱨᱚᱢ ᱜᱤᱫᱽᱨᱟ.,kid,
ᱢᱮᱨᱚᱢ ᱡᱤᱞ,mutton,
ᱢᱮᱨᱚᱤᱴᱤᱠ,Meroitic,
ᱢᱮᱨᱚᱭᱮᱴᱤᱠ ᱠᱚᱨᱥᱣ,Meroitic Cursive,
ᱢᱮᱨᱩ,Meru,
ᱢᱮᱫ,eye,
ᱢᱮᱫ ᱠᱩᱴᱤ,eyelid,
ᱢᱮᱭ,may,
ᱢᱮᱭᱛᱤ ᱢᱟᱭᱮᱠ,Meitei Mayek,
ᱢᱮᱰᱩᱢᱵᱟ,Medumba,
ᱢᱮᱰᱮᱯᱷᱭᱰᱨᱤᱱ,Medefaidrin,
ᱢᱮᱱᱰᱮ,Mende,
ᱢᱮᱱᱴᱟᱣᱟᱭ,Mentawai,
ᱢᱮᱱᱼᱯᱷᱨᱟᱱᱠᱚᱱᱤᱭᱟᱹᱱ,Main-Franconian,
ᱢᱮᱴᱟ,Metaʼ,
ᱣᱚᱞᱚᱯᱷ,Wolof,
ᱣᱚᱞᱟᱭᱴᱟ,Wolaytta,
ᱣᱚᱞᱮᱭ,Woleai,
ᱣᱚᱴᱤᱠ,Votic,
ᱣᱟᱞᱩᱱ,Walloon,
ᱣᱟᱞᱮᱟᱹᱨ,Walser,
ᱣᱟᱥᱚ,Washo,
ᱣᱟᱨᱞᱯᱤᱨᱤ,Warlpiri,
ᱣᱟᱨᱟᱭ,Waray,
ᱣᱟᱭ,Vai,
ᱣᱟᱭᱩ,Wayuu,
ᱣᱟᱱᱪᱩ,Wancho,
ᱣᱤ,Yi,
ᱣᱩ ᱪᱟᱭᱱᱤᱡᱽ,Wu Chinese,
ᱣᱮᱞᱥ,Welsh,
ᱣᱮᱭᱮᱛᱱᱮᱢᱤᱡᱽ,Vietnamese,
ᱣᱮᱯᱮ,Veps,
ᱣᱮᱱᱮᱴᱤᱭᱟᱹᱱ,Venetian,
ᱣᱮᱱᱰᱟ,Venda,
ᱤᱛᱤᱞ ᱥᱩᱱᱩᱢ,ghee,
ᱤᱜᱽᱵᱚ,Igbo,
ᱤᱞᱚᱠᱚ,Iloko,
ᱤᱞᱟ.ᱭᱪᱤ,comfit,
ᱤᱠᱟᱡᱤᱠ,Ekajuk,
ᱤᱡᱤᱯᱴᱤᱭᱟᱱ ᱦᱟᱭᱨᱚᱜᱞᱤᱢᱯᱥ,Egyptian hieroglyphs,
ᱤᱡᱤᱯᱴᱤᱭᱟᱱ ᱦᱟᱭᱨᱮᱴᱤᱠ,Egyptian hieratic,
ᱤᱡᱤᱯᱴᱤᱭᱟᱱ ᱰᱮᱢᱚᱱᱤᱠ,Egyptian demotic,
ᱤᱡᱤᱯᱴᱤᱭᱟᱹᱱ ᱟᱹᱨᱮᱵᱤᱠ,Egyptian Arabic,
ᱤᱢᱚᱡᱤ,Emoji,
ᱤᱢᱯᱮᱨᱤᱭᱟᱹᱞ ᱟᱨᱟᱢᱟᱭᱤᱠ,Imperial Aramaic,
ᱤᱣᱚᱱᱰᱚ,Ewondo,
ᱤᱣᱤ,Ewe,
ᱤᱧ,i,
ᱤᱨᱟ.ᱞ,eight,
ᱤᱨᱤᱞ ᱠᱩᱲᱤ (ᱥᱟᱞᱤ),sister in law,
ᱤᱨᱤᱞ ᱠᱩᱲᱤ (ᱫᱮᱣᱨᱟᱱᱤ),sister in law,
ᱤᱨᱤᱞ ᱠᱩᱲᱤ (ᱱᱱᱚᱫ),sister in law,
ᱤᱨᱤᱥ,Irish,
ᱤᱯᱷᱤᱠ,Efik,
ᱤᱰᱳ,Ido,
ᱤᱱ,heart,
ᱤᱱᱜᱩᱥ,Ingush,
ᱤᱱᱜᱽᱨᱤᱭᱟᱹᱱ,Ingrian,
ᱤᱱᱟᱨᱤ ᱥᱟᱢᱤ,Inari Sami,
ᱤᱱᱥᱠᱨᱤᱯᱥᱚᱱᱟᱞ ᱯᱟᱦᱟᱞᱣᱤ,Inscriptional Pahlavi,
ᱤᱱᱥᱠᱨᱤᱯᱥᱚᱱᱟᱞ ᱯᱟᱨᱛᱷᱤᱭᱟᱱ,Inscriptional Parthian,
ᱤᱱᱦᱮᱨᱤᱴᱮᱰ,Inherited,
ᱤᱱᱩᱠᱴᱤᱴᱩᱴ,Inuktitut,
ᱤᱱᱩᱯᱤᱭᱟᱠ,Inupiaq,
ᱤᱱᱰᱚᱥ,Indus,
ᱤᱱᱰᱚᱱᱮᱥᱤᱭᱟᱹᱱ,Indonesian,
ᱤᱱᱴᱚᱨᱞᱤᱝᱜᱩᱣᱟ,Interlingua,
ᱤᱱᱴᱚᱨᱞᱤᱝᱜᱩᱣᱮ,Interlingue,
ᱤᱲᱤ,heel,
ᱤᱴᱟᱞᱤᱟᱱ,Italian,
ᱤᱵᱟᱱ,Iban,
ᱤᱵᱤᱵᱤᱭᱚ,Ibibio,
ᱥᱚᱜᱟ,Soga,
ᱥᱚᱜᱽᱰᱤᱭᱟᱹᱱ,Sogdien,
ᱥᱚᱜᱽᱰᱤᱭᱟᱹᱱ,Sogdian,
ᱥᱚᱝᱟ,Tsonga,
ᱥᱚᱢᱟᱞᱤ,Somali,
ᱥᱚᱥᱟ,Xhosa,
ᱥᱚᱨᱟ ᱥᱚᱢᱯᱮᱝ,Sora Sompeng,
ᱥᱚᱨᱵᱚᱛ,syrup,
ᱥᱚᱭᱚᱢᱵᱚ,Soyombo,
ᱥᱚᱯᱟ,arm,
ᱥᱚᱱᱟ,Shona,
ᱥᱟᱱᱛᱟᱲ,Santal,(ᱧᱩᱸ) ᱟᱫᱤᱢ ᱡᱟᱛ
ᱥᱚᱱᱤᱱᱠᱮ,Soninke,
ᱥᱚᱲᱚ,bull,
ᱥᱞᱚᱣᱟᱠ,Slovak,
ᱥᱞᱚᱣᱮᱱᱤᱭᱟᱱ,Slovenian,
ᱥᱞᱤᱥᱭᱢᱵᱚᱞᱥ,Blissymbols,
ᱥᱞᱮᱣ,Slave,
ᱥᱟ.ᱜᱩᱱ,wednesday,
ᱥᱟ.ᱨᱫᱤ,thursday,
ᱥᱟᱛᱮᱨᱞᱮᱸᱱᱰ ᱯᱷᱨᱤᱥᱤᱭᱟᱹᱱ,Saterland Frisian,
ᱥᱟᱠᱚᱱᱤᱭᱟᱹᱱ,Tsakonian,
ᱥᱟᱠᱷᱟ,Sakha,
ᱥᱟᱠᱷᱩᱣᱟᱨ,Tsakhur,
ᱥᱟᱢᱚᱜᱤᱛᱤᱭᱟᱱ,Samogitian,
ᱥᱟᱢᱚᱣᱟᱱ,Samoan,
ᱥᱟᱢᱟᱝ ᱥᱭᱨᱤᱭᱟᱠ,Eastern Syriac,
ᱥᱟᱢᱟᱝ ᱯᱷᱨᱤᱥᱤᱭᱟᱱ,Eastern Frisian,
ᱥᱟᱢᱟᱨᱤᱴᱟᱱ,Samaritan,
ᱥᱟᱢᱟᱨᱤᱴᱟᱱ ᱟᱨᱟᱢᱟᱭᱤᱠ,Samaritan Aramaic,
ᱥᱟᱢᱵᱩᱨᱩ,Samburu,
ᱥᱟᱣᱤᱭᱟᱹᱱ,Shavian,
ᱥᱟᱣᱨᱟᱥᱴᱨᱚ,Saurashtra,
ᱥᱟᱥᱟᱝ,yellow,
ᱥᱟᱥᱟᱠ,Sasak,
ᱥᱟᱥᱟᱨᱤᱥ ᱥᱟᱨᱰᱤᱱᱤᱭᱟᱹᱱ,Sassarese Sardinian,
ᱥᱟᱦᱚ,Saho,
ᱥᱟᱨᱚᱛᱤ,Sarati,
ᱥᱟᱨᱫᱟ,Sharada,
ᱥᱟᱨᱰᱤᱱᱤᱭᱟᱹᱱ,Sardinian,
ᱥᱟᱫᱚᱢ,horse,
ᱥᱟᱫᱚᱢ ᱜᱤᱫᱽᱨᱟ.,colt,
ᱥᱟᱭ,hundred,
ᱥᱟᱭᱞᱚᱛᱤ ᱱᱟᱜᱽᱨᱤ,Syloti Nagri,
ᱥᱟᱭᱠᱨᱤᱞᱤᱠ,Cyrillic,
ᱥᱟᱭᱪᱤᱞᱤᱭᱟᱹᱱ,Sicilian,
ᱥᱟᱱ,Shan,
ᱥᱟᱱᱛᱟᱞᱤ,Santali,
ᱥᱟᱱᱛᱟᱲᱤ,Santali,
ᱥᱟᱱᱛᱷᱟᱞᱤ,Santhali,
ᱥᱟᱱᱜᱚ,Sango,
ᱥᱟᱱᱜᱩ,Sangu,
ᱥᱟᱱᱰᱟᱣᱮ,Sandawe,
ᱥᱟᱹᱞᱛᱟᱨ ᱯᱟᱦᱟᱞᱣᱤ,Psalter Pahlavi,
ᱥᱟᱹᱢᱵᱟᱞᱟ,Shambala,
ᱥᱟᱹᱨᱵᱚᱼᱠᱨᱚᱮᱥᱤᱭᱟᱹᱱ,Serbo-Croatian,
ᱥᱟᱹᱨᱵᱤᱭᱟᱹᱱ,Serbian,
ᱥᱟᱹᱱᱥᱠᱨᱤᱛ,Sanskrit,
ᱥᱠᱚᱞᱴ ᱥᱟᱢᱤ,Skolt Sami,
ᱥᱠᱚᱴᱤᱥ ᱜᱮᱞᱤᱠ,Scottish Gaelic,
ᱥᱠᱚᱴᱥ,Scots,
ᱥᱣᱟᱛᱤ,Swati,
ᱥᱣᱟᱦᱤᱞᱤ,Swahili,
ᱥᱣᱟᱱᱟ,Tswana,
ᱥᱣᱤᱥ ᱡᱟᱹᱨᱢᱟᱹᱱ,Swiss German,
ᱥᱣᱮᱫᱤᱥ,Swedish,
ᱥᱤᱞᱮᱥᱤᱭᱟᱱ,Silesian,
ᱥᱤᱠᱥᱤᱠᱟ,Siksika,
ᱥᱤᱢ ᱥᱟ.ᱰᱤ,cock,
ᱥᱤᱢ ᱮᱸᱜᱟ,hen,
ᱥᱤᱢᱥᱤᱭᱟᱹᱱ,Tsimshian,
ᱥᱤᱢᱯᱞᱤᱯᱷᱟᱭᱮᱰ,Simplified,
ᱥᱤᱢᱯᱞᱤᱯᱷᱟᱭᱮᱰ ᱦᱟᱱ,Simplified Han,
ᱥᱤᱨᱛᱷ,Cirth,
ᱥᱤᱪᱷᱩᱣᱟᱱ ᱭᱤ,Sichuan Yi,
ᱥᱤᱫ ᱠᱟ.ᱴᱩᱵ,middle finger,
ᱥᱤᱫᱷ ᱮ,Linear A,
ᱥᱤᱫᱷ ᱵ,Linear B,
ᱥᱤᱫᱷᱟᱹᱢ,Siddham,
ᱥᱤᱭᱟᱝ ᱪᱟᱭᱱᱤᱡᱽ,Xiang Chinese,
ᱥᱤᱰᱟᱢᱚ,Sidamo,
ᱥᱤᱱᱦᱟᱞᱟ,Sinhala,
ᱥᱤᱱᱫᱷᱤ,Sindhi,
ᱥᱤᱵᱤᱞ,sweet,
ᱥᱤᱵᱩᱟᱱᱚ,Cebuano,
ᱥᱤᱸᱜᱩᱱ,sunday,
ᱥᱨᱟᱱᱟᱱ ᱴᱚᱝᱜᱚ,Sranan Tongo,
ᱥᱩᱠᱤᱢᱟ,Sukuma,
ᱥᱩᱠᱨᱤ,pig,
ᱥᱩᱠᱨᱤ ᱡᱤᱞ,pork,
ᱥᱩᱡᱤ,semolina,
ᱥᱩᱢᱮᱨᱚᱼᱟᱠᱟᱰᱤᱭᱟᱹᱱ ᱠᱩᱱᱮᱭᱯᱷᱚᱨᱢ,Sumero-Akkadian Cuneiform,
ᱥᱩᱢᱮᱨᱤᱭᱟᱹᱱ,Sumerian,
ᱥᱩᱣᱤᱥ ᱦᱟᱤ ᱡᱟᱨᱢᱟᱱ,Swiss High German,
ᱥᱩᱣᱤᱥ ᱯᱷᱨᱮᱧᱪ,Swiss French,
ᱥᱩᱥᱩ,Susu,
ᱥᱩᱱᱩᱢ,oil,
ᱥᱩᱱᱭᱚ,zero,
ᱥᱩᱱᱰᱟᱱᱤᱡᱽ,Sundanese,
ᱥᱭᱨᱤᱭᱟᱠ,Syriac,
ᱥᱭᱯᱨᱚᱭᱤᱴ,Cypriot,
ᱥᱮᱛᱟ,dog,
ᱥᱮᱞᱟᱭᱟᱨ,Selayar,
ᱥᱮᱞᱠᱟᱹᱯ,Selkup,
ᱥᱮᱞᱥᱟᱭ,thousand,
ᱥᱮᱣᱚ,apple,
ᱥᱮᱥᱮᱞᱣᱟ ᱠᱨᱮᱚᱞᱮ ᱯᱷᱨᱮᱧᱪ,Seselwa Creole French,
ᱥᱮᱨᱢᱟ,year,
ᱥᱮᱨᱤ,Seri,
ᱥᱮᱨᱮᱨ,Serer,
ᱥᱮᱫᱟᱭ ᱜᱽᱨᱤᱠ,Ancient Greek,
ᱥᱮᱫᱟᱭ ᱤᱡᱤᱯᱴᱤᱭᱟᱹᱱ,Ancient Egyptian,
ᱥᱮᱯᱴᱮᱢᱵᱚᱨ,september,
ᱥᱮᱱᱟ,Sena,
ᱥᱮᱱᱮᱠᱟ,Seneca,
ᱥᱮᱱᱴᱨᱟᱞ ᱠᱩᱨᱫᱤᱥ,Central Kurdish,
ᱥᱮᱱᱴᱨᱟᱞ ᱫᱩᱥᱩᱱ,Central Dusun,
ᱥᱮᱱᱴᱨᱟᱞ ᱭᱩᱯᱤᱠ,Central Yupik,
ᱥᱮᱱᱴᱨᱟᱞ ᱮᱴᱞᱟᱥ ᱛᱟᱢᱟᱡᱟᱭᱮᱛ,Central Atlas Tamazight,
ᱥᱮᱸᱫᱽᱨᱟ ᱥᱮᱛᱟ,hoond,
ᱥᱯᱮᱱᱤᱥ,Spanish,
ᱦᱚᱛᱚᱫ,bottle gourd,
ᱦᱚᱞᱟ,yesterday,
ᱦᱚᱧᱦᱟᱨ ᱟᱭᱳ,mother in law,
ᱦᱚᱧᱦᱟᱨ ᱵᱟᱵᱟ,father in law,
ᱦᱚᱴᱚᱜᱽ,neck,
ᱦᱟ.ᱛᱤ,elephant,
ᱦᱟ.ᱨᱤᱭᱟ.ᱲ,green,
ᱦᱟ.ᱬᱩ,monkey,
"ᱦᱟᱛᱟᱲ, ᱵᱷᱮᱡᱟ",brain,
ᱦᱟᱠᱟ ᱪᱟᱭᱱᱤᱡᱽ,Hakka Chinese,
ᱦᱟᱣᱟᱭᱤᱭᱟᱹᱱ,Hawaiian,
ᱦᱟᱣᱥᱟ,Hausa,
ᱦᱟᱨᱛᱟ,skin,
ᱦᱟᱭᱛᱤᱭᱟᱹᱱ ᱠᱨᱮᱚᱞᱮ,Haitian Creole,
ᱦᱟᱭᱰᱟ,Haida,
ᱦᱟᱰᱜᱟᱨ,hyena,
ᱦᱟᱱ,Han,
ᱦᱟᱱ ᱥᱟᱶ ᱵᱚᱯᱚᱢᱚᱯᱷᱚ,Han with Bopomofo,
ᱦᱟᱱᱜᱩᱞ,Hangul,
ᱦᱟᱱᱤᱯᱷᱤ ᱨᱚᱦᱤᱭᱮᱝᱜᱟ,Hanifi Rohingya,
ᱦᱟᱱᱩᱱᱚ,Hanunoo,
ᱦᱟᱴ,week,
ᱦᱟᱴᱨᱟᱱ,Hatran,
ᱦᱟᱹᱝᱜᱮᱨᱤᱭᱟᱹᱱ,Hungarian,
ᱦᱟᱹᱠᱩ,Fish,
ᱦᱟᱹᱡᱩᱜ,come,
ᱦᱤᱞᱤ,maternal sister,
ᱦᱤᱞᱤᱜᱟᱭᱱᱚᱱ,Hiligaynon,
ᱦᱤᱡᱩᱜ,to come,
ᱦᱤᱨᱟᱜᱟᱹᱝᱜᱟ,Hiragana,
ᱦᱤᱨᱤ ᱢᱚᱴᱩ,Hiri Motu,
ᱦᱤᱱᱫᱤ,Hindi,
ᱦᱤᱴᱤᱴᱮ,Hittite,
ᱦᱩᱯᱟ,Hupa,
ᱦᱩᱰᱤᱧ,little,
ᱦᱩᱰᱤᱧ ᱠᱟ.ᱴᱩᱵ,little finger,
ᱦᱩᱲᱩ,grain,
ᱦᱮᱡ,came,
ᱦᱮᱨᱮᱨᱚ,Herero,
ᱦᱮᱵᱽᱨᱤᱣ,Hebrew,
ᱦᱮᱸᱫᱮ,black,
ᱧᱤᱸᱫᱟ ᱫᱟᱠᱟ,bread,
ᱧᱩ,to drink,
ᱧᱩᱱᱩᱢ,Noun,
ᱧᱩᱸᱦᱩᱢ,saturday,
ᱧᱮᱞ ᱨᱚᱲ,Visible Speech,
ᱧᱮᱸᱞᱮᱨᱟᱥᱟ,honey,
ᱨᱚᱝᱜᱚᱨᱚᱝᱜᱚ,Rongorongo,
ᱨᱚᱢᱟᱝᱱᱚᱞ,Romagnol,
ᱨᱚᱢᱟᱱᱤᱭᱟᱹᱱ,Romanian,
ᱨᱚᱢᱟᱱᱥ,Romansh,
ᱨᱚᱢᱟᱱᱭ,Romany,
ᱨᱚᱢᱵᱚ,Rombo,
ᱨᱚᱣᱤᱭᱟᱱᱟ,Roviana,
ᱨᱚᱱᱚᱲ,Grammar,
ᱨᱚᱴᱩᱢᱟᱱ,Rotuman,
ᱨᱟᱝ ᱠᱷᱭᱛᱤ,Varang Kshiti,
ᱨᱟᱡᱚᱥᱛᱷᱟᱱᱤ,Rajasthani,
ᱨᱟᱢᱟ,nail,
ᱨᱟᱨᱚᱴᱚᱱᱜᱟᱱ,Rarotongan,
ᱨᱟᱯᱟᱩᱱᱤ,Rapanui,
ᱨᱣᱟ,Rwa,
ᱨᱤᱯᱷᱤᱭᱟᱱ,Riffian,
ᱨᱩᱥᱤᱭᱟᱱ,Russian,
ᱨᱩᱥᱤᱱ,Rusyn,
ᱨᱩᱱᱤᱠ,Runic,
ᱨᱩᱱᱰᱤ,Rundi,
ᱨᱮ,in,
ᱨᱮᱡᱟᱝ,Rejang,
ᱨᱮᱭᱟᱜ,about,
ᱩᱛᱩ,vegetables,
ᱩᱜᱟᱨᱤᱴᱤᱠ,Ugaritic,
ᱩᱞ,mango,
ᱩᱡᱽᱵᱮᱠ,Uzbek,
ᱩᱢᱵᱩᱱᱰᱩ,Umbundu,
ᱩᱧᱩᱢ,Pronoun,
ᱩᱨᱫᱩ,Urdu,
ᱩᱫᱩᱜ ᱠᱟ.ᱴᱩᱵ,panter,
ᱩᱭᱜᱷᱩᱨ,Uyghur,
ᱩᱭᱜᱷᱩᱨ,Uighur,
ᱩᱰᱢᱩᱴ,Udmurt,
ᱩᱱᱤ,that,
ᱩᱵᱽ,hair,
ᱩᱸᱴ,camel,
ᱪᱚᱨᱪ ᱥᱞᱟᱣᱤᱠ,Church Slavic,
ᱪᱚᱴᱱᱤ,sauce,
ᱪᱟᱣᱞᱮ,rice,
ᱪᱟᱭ,tea,
ᱪᱟᱭᱱᱤᱡᱽ,Chinese,
"ᱪᱟᱭᱱᱤᱡᱽ, ᱠᱟᱱᱴᱚᱱᱤᱡᱽ","Chinese, Cantonese",
"ᱪᱟᱭᱱᱤᱡᱽ, ᱢᱟᱱᱰᱟᱨᱤᱱ","Chinese, Mandarin",
ᱪᱟᱰᱤᱭᱟᱹᱱ ᱟᱹᱨᱮᱵᱤᱠ,Chadian Arabic,
ᱪᱟᱱᱟ/ᱪᱷᱚᱞᱟ,gram,
ᱪᱟᱸᱫᱚ,month,
ᱪᱤᱛᱟ,panther,
ᱪᱤᱯᱮᱭᱟᱱ,Chipewyan,
ᱪᱤᱱᱤ,sugar,
ᱪᱤᱱᱦᱟᱹ,Symbols,
ᱪᱤᱱᱦᱟᱹ ᱚᱞ,SignWriting,
ᱪᱤᱱᱩᱠ ᱡᱟᱨᱜᱚᱱ,Chinook Jargon,
ᱪᱩᱴᱩ,mouse,
ᱪᱮᱛᱟᱱ ᱛᱚᱨᱵᱤᱭᱟᱹᱱ,Upper Sorbian,
ᱪᱷᱚᱠᱴᱟᱣ,Choctaw,
ᱪᱷᱟᱜᱟᱴᱟᱭ,Chagatai,
ᱪᱷᱟᱠᱢᱟ,Chakma,
ᱪᱷᱟᱢ,Cham,
ᱪᱷᱟᱢᱚᱨᱚ,Chamorro,
ᱪᱷᱟᱹᱢᱠᱟ,Chakma,
ᱪᱷᱤᱜᱟ,Chiga,
ᱪᱷᱤᱠᱟᱥᱚ,Chickasaw,
ᱪᱷᱤᱢᱵᱚᱨᱟᱡᱚ ᱦᱟᱭᱞᱮᱸᱱᱰ ᱠᱣᱤᱪᱷᱩᱣᱟ,Chimborazo Highland Quichua,
ᱪᱷᱤᱵᱪᱷᱟ,Chibcha,
ᱪᱷᱩᱠᱤᱡᱽ,Chuukese,
ᱪᱷᱩᱣᱟᱥ,Chuvash,
ᱪᱷᱩᱴᱠᱤ ᱟᱭᱳ,step mother,
ᱪᱷᱩᱴᱠᱤ ᱦᱚᱯᱚᱱ,step son,
ᱪᱷᱩᱴᱠᱤ ᱵᱚᱠᱚᱧ,step brother,
ᱪᱷᱩᱴᱠᱤ ᱵᱚᱠᱚᱧ ᱠᱩᱲᱤ,step sister,
ᱪᱷᱩᱴᱠᱤ ᱵᱚᱠᱚᱧ ᱮᱨᱟ,step daughter,
ᱪᱷᱮᱨᱚᱠᱤ,Cherokee,
ᱪᱷᱮᱪᱷᱮᱱ,Chechen,
ᱪᱷᱮᱭᱮᱱ,Cheyenne,
ᱫᱟ.ᱞ,pulse,
ᱫᱟᱜ ᱦᱟ.ᱛᱤ,rhinoceros,
ᱫᱟᱜᱠᱚᱦᱲᱟ,watermelon,
ᱫᱟᱢᱠᱚᱢ,calf,
ᱫᱟᱨᱮ,Tree,
ᱫᱤᱱ,day,
ᱫᱩᱞᱟ.ᱲ,love,
ᱫᱩᱲᱩᱵ,to sit,
ᱫᱮᱣᱟᱹᱱᱟᱜᱟᱹᱨᱤ,Devanagari,
ᱫᱮᱭᱟ,back,
ᱭ,Y,
ᱭᱚᱨᱩᱵᱟ,Yoruba,
ᱭᱟᱝᱵᱮᱱ,Yangben,
ᱭᱟᱣ,Yao,
ᱭᱟᱯᱤᱥ,Yapese,
ᱭᱤᱫᱤᱥ,Yiddish,
ᱭᱩ ᱥᱤ ᱮ ᱮᱥ,UCAS,
ᱭᱩ ᱮᱥ ᱟᱝᱜᱽᱨᱮᱡᱤ,US English,
ᱭᱩᱠᱨᱮᱱᱤᱭᱟᱹᱱ,Ukrainian,
ᱭᱩᱠᱮ ᱟᱝᱜᱽᱨᱮᱡᱤ,UK English,
ᱭᱩᱨᱚᱯᱤᱭᱟᱱ ᱯᱩᱨᱛᱜᱟᱞᱤ,European Portuguese,
ᱭᱩᱨᱚᱯᱤᱭᱟᱹᱱ ᱥᱯᱮᱱᱤᱥ,European Spanish,
ᱭᱮᱡᱤᱫᱤ,Yezidi,
ᱭᱮᱢᱵᱟ,Yemba,
ᱮ ᱠᱟᱱᱟ,Unknown,
ᱮᱛᱚᱢ ᱥᱚᱛᱷᱚ,Northern Sotho,
ᱮᱛᱚᱢ ᱥᱟᱢᱤ,Northern Sami,
ᱮᱛᱚᱢ ᱯᱩᱨᱤ,Northern Luri,
ᱮᱛᱚᱢ ᱯᱷᱨᱤᱥᱤᱭᱟᱱ,Northern Frisian,
ᱮᱛᱚᱢ ᱱᱮᱵᱮᱞᱮ,North Ndebele,
ᱮᱛᱷᱤᱭᱚᱯᱤᱠ,Ethiopic,
ᱮᱞᱟᱢᱤᱴ,Elamite,
ᱮᱞᱤᱢᱟᱭᱤᱠ,Elymaic,
ᱮᱞᱵᱟᱥᱟᱱ,Elbasan,
ᱮᱠᱥᱴᱨᱤᱢᱟᱰᱩᱨᱟᱱ,Extremaduran,
ᱮᱢᱤᱞᱤᱭᱟᱹᱱ,Emilian,
ᱮᱢᱵᱩ,Embu,
ᱮᱥᱠᱨᱮᱢ,ice-cream,
ᱮᱥᱯᱟᱨᱮᱱᱛᱚ,Esperanto,
ᱮᱥᱴᱚᱱᱤᱭᱟᱹᱱ,Estonian,
ᱮᱥᱴᱨᱟᱝᱜᱮᱞᱚ ᱥᱭᱨᱤᱞᱤᱠ,Estrangelo Syriac,
ᱮᱥᱼᱮ ᱠᱩᱱᱮᱭᱯᱷᱚᱨᱢ,S-A Cuneiform,
ᱮᱨᱟ.ᱞ ᱜᱮᱞ,eighty,
ᱮᱨᱟ.ᱞ ᱜᱮᱞ ᱛᱩᱨᱩᱭ,eighty six,
ᱮᱨᱟ.ᱞ ᱜᱮᱞ ᱟᱨᱮᱞ,eighty nine,
ᱮᱨᱟ.ᱞ ᱜᱮᱞ ᱢᱚᱸᱬᱮ,eighty five,
ᱮᱨᱟ.ᱞ ᱜᱮᱞ ᱢᱤᱫ,eighty one,
ᱮᱨᱟ.ᱞ ᱜᱮᱞ ᱤᱨᱟ.ᱞ,eighty eight,
ᱮᱨᱟ.ᱞ ᱜᱮᱞ ᱮᱭᱟᱭ,eighty seven,
ᱮᱨᱟ.ᱞ ᱜᱮᱞ ᱯᱩᱱ,eighty four,
ᱮᱨᱟ.ᱞ ᱜᱮᱞ ᱯᱮ,eighty three,
ᱮᱨᱟ.ᱞ ᱜᱮᱞ ᱵᱟᱨ,eighty two,
ᱮᱨᱡᱭᱟ,Erzya,
ᱮᱫᱼᱟ,Unknown,
ᱮᱭᱚ,Unknown,
ᱮᱭᱟᱭ,seven,
ᱮᱭᱟᱭ ᱜᱮᱞ,seventy,
ᱮᱭᱟᱭ ᱜᱮᱞ ᱛᱩᱨᱩᱭ,seventy six,
ᱮᱭᱟᱭ ᱜᱮᱞ ᱟᱨᱮᱞ,seventy nine,
ᱮᱭᱟᱭ ᱜᱮᱞ ᱢᱚᱸᱬᱮ,seventy five,
ᱮᱭᱟᱭ ᱜᱮᱞ ᱢᱤᱫ,seventy one,
ᱮᱭᱟᱭ ᱜᱮᱞ ᱤᱨᱟ.ᱞ,seventy eight,
ᱮᱭᱟᱭ ᱜᱮᱞ ᱮᱭᱟᱭ,seventy seven,
ᱮᱭᱟᱭ ᱜᱮᱞ ᱯᱩᱱ,seventy four,
ᱮᱭᱟᱭ ᱜᱮᱞ ᱯᱮ,seventy three,
ᱮᱭᱟᱭ ᱜᱮᱞ ᱵᱟᱨ,seventy two,
ᱮᱯᱨᱤᱞ,april,
ᱮᱱ ᱠᱚ,N’Ko,
ᱮᱱᱠᱚ,N’Ko,
ᱮᱸᱜᱟ ᱠᱟ.ᱴᱩᱵ,thumb,
ᱮᱸᱜᱟ ᱢᱮᱨᱚᱢ,she goat,
ᱮᱸᱜᱟ ᱥᱟᱫᱚᱢ,mare,
ᱮᱸᱜᱟ ᱥᱮᱛᱟ,bitch,
ᱯᱚᱛᱚᱵ,Book,
ᱯᱚᱞᱟᱨᱰ ᱯᱷᱚᱱᱮᱴᱤᱠ,Pollard Phonetic,
ᱯᱚᱞᱤᱥ,Polish,
ᱯᱚᱦᱱᱯᱮᱭᱟᱹᱱ,Pohnpeian,
ᱯᱚᱧᱡᱟᱵᱤ,Punjabi,
ᱯᱚᱱᱤᱨ,cheese,
ᱯᱚᱱᱴᱤᱠ,Pontic,
ᱯᱚᱴᱚᱢ ᱠᱩᱵᱤ,cabbage,
ᱯᱞᱟᱣᱴᱰᱟᱭᱮᱴᱥᱪ,Plautdietsch,
ᱯᱟ.ᱨᱣᱟ,wine,
ᱯᱟ.ᱱᱤᱨ,cheese,
ᱯᱟᱞᱚᱱ ᱟᱲᱟᱜ,spinach,
ᱯᱟᱞᱟᱩᱣᱟᱱ,Palauan,
ᱯᱟᱞᱟᱴᱤᱱ ᱡᱟᱹᱨᱢᱟᱹᱱ,Palatine German,
ᱯᱟᱞᱢᱟᱭᱨᱤᱱ,Palmyrene,
ᱯᱟᱞᱤ,Pali,
ᱯᱟᱢᱯᱟᱱᱜᱟ,Pampanga,
ᱯᱟᱣ ᱪᱤᱱ ᱦᱟᱣ,Pau Cin Hau,
ᱯᱟᱥᱛᱚ,Pashto,
ᱯᱟᱦᱞᱟᱹᱣᱤ,Pahlavi,
ᱯᱟᱦᱟᱣ ᱢᱚᱝ,Pahawh Hmong,
ᱯᱟᱨᱣᱟ,pigeon,
ᱯᱟᱪᱮ ᱢᱟᱨᱤ,Western Mari,
ᱯᱟᱪᱮ ᱥᱭᱨᱤᱭᱟᱠ,Western Syriac,
ᱯᱟᱪᱮ ᱯᱷᱞᱮᱢᱤᱥ,West Flemish,
ᱯᱟᱪᱮ ᱯᱷᱨᱤᱥᱤᱭᱟᱹᱱ,Western Frisian,
ᱯᱟᱪᱮ ᱵᱟᱞᱚᱪᱤ,Western Balochi,
ᱯᱟᱭᱮᱰᱢᱚᱱᱴᱤᱡᱽ,Piedmontese,
ᱯᱟᱯᱤᱭᱟᱢᱮᱱᱴᱚ,Papiamento,
ᱯᱟᱱᱜᱟᱥᱤᱱᱟᱱ,Pangasinan,
ᱯᱟᱹᱨᱥᱚᱼᱟᱹᱨᱵᱤ,Perso-Arabic,
ᱯᱟᱹᱨᱥᱤᱭᱟᱹᱱ,Persian,
ᱯᱤᱞᱤᱯᱤᱱᱚ,Filipino,
ᱯᱤᱠᱟᱰ,Picard,
ᱯᱦᱮᱵᱨᱩᱟᱨᱭ,february,
ᱯᱨᱩᱥᱤᱭᱟᱹᱱ,Prussian,
ᱯᱩ ᱜᱮᱞ ᱢᱚᱬᱮ,forty five,
ᱯᱩᱡᱟᱹ,puja,
ᱯᱩᱥᱛᱚ,Pushto,
ᱯᱩᱥᱤ,cat,
ᱯᱩᱥᱤ ᱜᱤᱫᱽᱨᱟ.,kitten,
ᱯᱩᱨᱛᱜᱟᱞᱤ,Portuguese,
ᱯᱩᱫᱱᱟ.,mint,
ᱯᱩᱱ,four,
ᱯᱩᱱ ᱜᱮᱞ,forty,
ᱯᱩᱱ ᱜᱮᱞ ᱛᱩᱨᱩᱭ,forty six,
ᱯᱩᱱ ᱜᱮᱞ ᱟᱨᱮᱞ,forty nine,
ᱯᱩᱱ ᱜᱮᱞ ᱢᱤᱫ,forty one,
ᱯᱩᱱ ᱜᱮᱞ ᱤᱨᱟ.ᱞ,forty eight,
ᱯᱩᱱ ᱜᱮᱞ ᱮᱭᱟᱭ,forty seven,
ᱯᱩᱱ ᱜᱮᱞ ᱯᱩᱱ,forty four,
ᱯᱩᱱ ᱜᱮᱞ ᱯᱮ,forty three,
ᱯᱩᱱ ᱜᱮᱞ ᱵᱟᱨ,forty two,
ᱯᱩᱸᱰ,white,
ᱯᱮ,three,
ᱯᱮ ᱜᱮᱞ,thirty,
ᱯᱮ ᱜᱮᱞ ᱛᱩᱨᱩᱭ,thirty six,
ᱯᱮ ᱜᱮᱞ ᱟᱨᱮᱞ,thirty nine,
ᱯᱮ ᱜᱮᱞ ᱢᱚᱸᱮ,thirty five,
ᱯᱮ ᱜᱮᱞ ᱢᱤᱫ,thirty one,
ᱯᱮ ᱜᱮᱞ ᱤᱨᱟ.ᱞ,thirty eight,
ᱯᱮ ᱜᱮᱞ ᱮᱭᱟᱭ,thirty seven,
ᱯᱮ ᱜᱮᱞ ᱯᱩᱱ,thirty four,
ᱯᱮ ᱜᱮᱞ ᱯᱮ,thirty three,
ᱯᱮ ᱜᱮᱞ ᱵᱟᱨ,thirty two,
ᱯᱮᱞᱮ,Kpelle,
ᱯᱮᱭᱟᱡ,onion,
ᱯᱮᱱᱭᱥᱮᱞᱵᱷᱤᱭᱟ ᱡᱟᱹᱨᱢᱟᱹᱱ,Pennsylvania German,
ᱯᱮᱲᱟ,guest,
ᱯᱷᱚᱮᱱᱤᱥᱤᱭᱟᱱ,Phoenician,
ᱯᱷᱚᱮᱱᱤᱥᱤᱭᱟᱹᱱ,Phoenician,
ᱯᱷᱚᱱ,Fon,
ᱯᱷᱞᱮᱢᱤᱥ,Flemish,
ᱯᱷᱟᱜᱥᱼᱯᱟ,Phags-pa,
ᱯᱷᱟᱝ,Fang,
ᱯᱷᱟᱨᱚᱤᱥ,Faroese,
ᱯᱷᱟᱱᱴᱤ,Fanti,
ᱯᱷᱤᱡᱤ ᱦᱤᱱᱫᱤ,Fiji Hindi,
ᱯᱷᱤᱡᱤᱭᱟᱹᱱ,Fijian,
ᱯᱷᱤᱱᱤᱥ,Finnish,
ᱯᱷᱨᱟᱠᱛᱩᱨ ᱞᱮᱴᱤᱱ,Fraktur Latin,
ᱯᱷᱨᱟᱥᱟᱹᱨ,Fraser,
ᱯᱷᱨᱟᱯᱷᱨᱟ,Frafra,
ᱯᱷᱨᱤᱩᱞᱤᱭᱟᱹᱱ,Friulian,
ᱯᱷᱨᱮᱧᱪ,French,
ᱯᱷᱩᱞᱟᱦ,Fulah,
ᱰᱚᱜᱽᱨᱟ,Dogra,
ᱰᱚᱜᱽᱨᱤ,Dogri,
ᱰᱚᱜᱽᱨᱤᱵ,Dogrib,
ᱰᱚᱪ,Dutch,
ᱰᱚᱱᱜᱟ,Ndonga,
ᱰᱟᱜᱽᱨᱤ ᱡᱤᱞ,beef,
ᱰᱟᱝᱨᱟ,ox,
ᱰᱟᱡᱟᱜᱟ,Dazaga,
ᱰᱟᱨᱤ,Dari,
ᱰᱟᱴᱟ,tooth,
ᱰᱟᱸᱰᱟ,waist,
ᱰᱟᱹᱠᱚᱴᱟ,Dakota,
ᱰᱟᱹᱨᱜᱽᱣᱟ,Dargwa,
ᱰᱣᱟᱞᱟ,Duala,
ᱰᱤᱣᱮᱥ ᱟᱠᱩᱨᱩ,Dives Akuru,
ᱰᱤᱣᱮᱦᱤ,Divehi,
ᱰᱤᱥᱮᱢᱵᱚᱨ,december,
ᱰᱤᱱᱠᱟ,Dinka,
ᱰᱩᱯᱞᱚᱭᱟᱱ ᱥᱚᱛᱷᱞᱮᱸᱰ,Duployan shorthand,
ᱰᱩᱵᱷᱤ,rump,
ᱰᱭᱩᱞᱟ,Dyula,
ᱰᱮᱞᱟᱣᱟᱨᱮ,Delaware,
ᱰᱮᱠᱮ,buttock,
ᱰᱮᱡᱟᱹᱨᱴ,Deseret,
ᱰᱮᱱᱤᱥ,Danish,
ᱰᱮᱸᱜᱟᱲ,brinjal,
ᱱᱚᱜᱟᱭ,Nogai,
ᱱᱚᱣᱤᱭᱟᱞ,Novial,
ᱱᱚᱨᱣᱮᱭᱟᱹᱱ,Norwegian,
ᱱᱚᱨᱣᱮᱭᱟᱹᱱ ᱱᱟᱭᱱᱟᱨᱥᱠ,Norwegian Nynorsk,
ᱱᱚᱨᱣᱮᱭᱟᱹᱱ ᱵᱚᱠᱢᱟᱞ,Norwegian Bokmål,
ᱱᱚᱵᱷᱮᱢᱵᱚᱨ,november,
ᱱᱚᱶᱟ,this,
ᱱᱟᱠᱥᱤ ᱜᱮᱵᱟ,Naxi Geba,
ᱱᱟᱡᱫᱤ ᱟᱹᱨᱵᱤᱠ,Najdi Arabic,
ᱱᱟᱢᱟ,Nama,
ᱱᱟᱢᱵᱮ,Ngambay,
ᱱᱟᱣᱟᱡᱚ,Navajo,
ᱱᱟᱥᱴᱟᱞᱤᱠ,Nastaliq,
ᱱᱟᱩᱨᱩ,Nauru,
ᱱᱟᱭᱟᱠᱮᱝᱜ ᱯᱩᱣᱟᱪᱷᱮ ᱦᱚᱝ,Nyiakeng Puachue Hmong,
ᱱᱟᱭᱡᱮᱨᱤᱭᱟᱹᱱ ᱯᱤᱰᱜᱤᱱ,Nigerian Pidgin,
ᱱᱟᱶᱟ ᱛᱟᱭ ᱞᱣᱮ,New Tai Lue,
ᱱᱟᱹᱱᱫᱤᱱᱟᱜᱤᱨᱤ,Nandinagari,
ᱱᱟᱹᱵᱟᱹᱴᱟᱤᱭᱟᱹᱱ,Nabataean,
ᱱᱤᱡᱟ.ᱨ,own,
ᱱᱤᱡᱟ.ᱨ ᱯᱮᱲᱟ,relative,
ᱱᱤᱣᱮᱱ,Niuean,
ᱱᱤᱥᱩ,Nüshu,
ᱱᱤᱭᱟᱥ,Nias,
ᱱᱤᱭᱟᱯᱚᱞᱤᱴᱟᱱ,Neapolitan,
ᱱᱤᱭᱟᱹᱱᱵᱩᱱ,Ngiemboon,
ᱱᱩᱭ,this,
ᱱᱩᱮᱨ,Nuer,
ᱱᱭᱚᱨᱚ,Nyoro,
ᱱᱭᱟᱢᱣᱮᱡᱤ,Nyamwezi,
ᱱᱭᱟᱥᱟ ᱴᱚᱱᱜᱟ,Nyasa Tonga,
ᱱᱭᱟᱱᱠᱚᱞᱮ,Nyankole,
ᱱᱭᱟᱱᱡᱟ,Nyanja,
ᱱᱮᱣᱟ,Newa,
ᱱᱮᱣᱟᱨᱤ,Newari,
ᱱᱮᱯᱟᱯᱤ,Nepali,
ᱱᱷᱤᱱᱜᱟᱴᱩ,Nheengatu,
ᱳ ᱱᱟᱜᱟ,Ao Naga,
ᱳᱡᱤᱵᱽᱣᱟ,Ojibwa,
ᱳᱥᱤᱴᱟᱱ,Occitan,
ᱳᱥᱮᱜᱽ,Osage,
ᱳᱥᱮᱴᱤᱠ,Ossetic,
ᱳᱨᱚᱢᱚ,Oromo,
ᱳᱰᱤᱭᱟ,Odia,
ᱳᱴᱚᱢᱟᱱ ᱴᱟᱹᱨᱠᱤᱥ,Ottoman Turkish,
ᱴᱚᱝᱜᱟᱱ,Tongan,
ᱴᱚᱠ ᱯᱤᱥᱤᱱ,Tok Pisin,
ᱴᱚᱠᱮᱞᱟᱣ,Tokelau,
ᱴᱚᱨᱱᱮᱱᱰᱟᱞᱮᱱ ᱯᱷᱤᱱᱤᱥ,Tornedalen Finnish,
ᱴᱞᱟᱭᱤᱴ,Tlingit,
ᱴᱟᱜᱟᱞᱚᱜ,Tagalog,
ᱴᱟᱜᱽᱵᱟᱱᱣᱟ,Tagbanwa,
ᱴᱟᱝᱜᱩᱴ,Tangut,
ᱴᱟᱠᱨᱤ,Takri,
ᱴᱟᱠᱪᱮᱞᱦᱤᱛ,Tachelhit,
ᱴᱟᱤᱚᱳᱮᱚᱯᱳᱮ,Tahitian,
ᱴᱟᱭᱴᱟ,Taita,
ᱴᱟᱲᱟᱝ,hour,
ᱴᱟᱲᱮ,carry,
ᱴᱟᱲᱮᱭᱟᱜ,carried one,
ᱴᱟᱴᱚᱨ,Tatar,
ᱴᱣᱤ,Twi,
ᱴᱤᱜᱽᱨ,Tigrinya,
ᱴᱤᱜᱽᱨᱤ,Tigre,
ᱴᱤᱡ,second,
ᱴᱤᱢᱱᱮ,Timne,
ᱴᱤᱭ,Tiv,
ᱴᱤᱯᱤᱡ,minute,
ᱴᱤᱯᱷᱤᱱᱟᱜᱷ,Tifinagh,
ᱴᱨᱟᱰᱤᱥᱚᱱᱟᱞ,Traditional,
ᱴᱨᱟᱰᱤᱥᱚᱱᱟᱞ ᱦᱟᱱ,Traditional Han,
ᱴᱨᱮᱰᱤᱥᱱᱟᱞ ᱢᱟᱫᱟᱨᱤᱱ ᱪᱟᱭᱱᱤᱡᱽ,Traditional Mandarin Chinese,
ᱴᱨᱮᱰᱤᱥᱱᱟᱞ ᱪᱟᱭᱱᱤᱡᱽ,Traditional Chinese,
ᱴᱩᱞᱩ,Tulu,
ᱴᱩᱢᱵᱩᱠᱟ,Tumbuka,
ᱴᱩᱣᱟᱞᱟᱱ,Tuvalu,
ᱴᱩᱣᱤᱱᱤᱭᱟᱹᱱ,Tuvinian,
ᱴᱩᱨᱭᱚ,Turoyo,
ᱴᱩᱱᱤᱥᱤᱭᱟᱱ ᱚᱹᱨᱵᱤ,Tunisian Arabic,
ᱴᱭᱟᱯ,Tyap,
ᱴᱮᱝᱣᱟᱨ,Tengwar,
ᱴᱮᱥᱚ,Teso,
ᱴᱮᱴᱩᱢ,Tetum,
"ᱴᱷᱤᱴᱲᱟᱜ, ᱜᱚᱱᱴᱷᱮ",knee,
ᱵᱚᱠᱚᱧ ᱠᱩᱲᱤ,sister,
ᱵᱚᱥᱱᱤᱭᱟᱹᱱ,Bosnian,
ᱵᱚᱨᱚ,lungs,
ᱵᱚᱨᱚᱯᱷ,ice,
ᱵᱚᱭᱦᱟ,brother,
ᱵᱚᱯᱚᱢᱚᱯᱷᱚ,Bopomofo,
ᱵᱚᱰᱚ,Bodo,
ᱵᱚᱲᱚᱭ,carore,
ᱵᱚᱷᱚᱜ,head,
ᱵᱞᱤᱥᱤᱢᱵᱚᱞᱥ,Blissymbols,
ᱵᱟᱝ ᱚᱞ,Unwritten,
ᱵᱟᱝ ᱵᱟᱲᱟᱭ ᱪᱤᱠᱤ,Unknown Script,
ᱵᱟᱝ ᱵᱟᱲᱟᱭ ᱯᱟᱹᱨᱥᱤ,Unknown language,
ᱵᱟᱝᱜᱞᱟ,Bangla,
ᱵᱟᱝᱠᱷᱟᱱ,or else,
ᱵᱟᱞᱤᱱᱤᱡᱽ,Balinese,
ᱵᱟᱞᱮ,tuesday,
ᱵᱟᱠᱷᱛᱤᱭᱟᱨᱤ,Bakhtiari,
ᱵᱟᱢᱩᱱ,Bamun,
ᱵᱟᱢᱩᱱ,Bamum,
ᱵᱟᱢᱵᱟᱨᱟ,Bambara,
ᱵᱟᱣᱟᱨᱤᱭᱟᱹᱱ,Bavarian,
ᱵᱟᱤᱠ,Basque,
ᱵᱟᱥᱟ,Basaa,
ᱵᱟᱥᱟ ᱣᱟᱦ,Bassa Vah,
ᱵᱟᱥᱠᱤᱨ,Bashkir,
ᱵᱟᱦᱟ ᱠᱩᱵᱤ,cauliflower,
ᱵᱟᱨ,two,
ᱵᱟᱨ ᱜᱮᱞ,twenty,
ᱵᱟᱨ ᱜᱮᱞ ᱛᱩᱨᱩᱭ,twenty six,
ᱵᱟᱨ ᱜᱮᱞ ᱟᱨᱮᱞ,twenty nine,
ᱵᱟᱨ ᱜᱮᱞ ᱢᱚᱸᱬᱮ,twenty five,
ᱵᱟᱨ ᱜᱮᱞ ᱢᱤᱫ,twenty one,
ᱵᱟᱨ ᱜᱮᱞ ᱤᱨᱟ.ᱞ,twenty eight,
ᱵᱟᱨ ᱜᱮᱞ ᱮᱭᱟᱭ,twenty seven,
ᱵᱟᱨ ᱜᱮᱞ ᱯᱩᱱ,twenty four,
ᱵᱟᱨ ᱜᱮᱞ ᱯᱮ,twenty three,
ᱵᱟᱨ ᱜᱮᱞ ᱵᱟᱨ,twenty two,
ᱵᱟᱯᱞᱟ ᱠᱟ.ᱴᱩᱵᱽ,ring finger,
ᱵᱟᱯᱷᱤᱭᱟ,Bafia,
ᱵᱟᱯᱷᱩᱛ,Bafut,
ᱵᱟᱰᱮᱜᱟ,Badaga,
ᱵᱟᱱᱟ,bear,
ᱵᱟᱱᱯᱩᱨ,Banjar,
ᱵᱟᱴᱟᱠ ᱛᱚᱵᱟ,Batak Toba,
ᱵᱟᱵᱟ,father,
ᱵᱟᱹᱛᱟᱹᱠ,Batak,
ᱵᱟᱹᱝᱜᱞᱟ,Bangla,
ᱵᱟᱹᱞᱩᱪᱤ,Baluchi,
ᱵᱤᱞᱟ.ᱛᱤ,tomato,
ᱵᱤᱞᱟ.ᱛᱤ ᱥᱷᱚᱥᱷᱚ,cashew,
ᱵᱤᱞᱟ.ᱛᱤ ᱪᱟᱴᱱᱤ,tomato sauce,
ᱵᱤᱞᱱ,Blin,
ᱵᱤᱠᱚᱞ,Bikol,
ᱵᱤᱥᱞᱟᱢᱟ,Bislama,
ᱵᱤᱥᱠᱩᱴ,biscuit,
ᱵᱤᱥᱤᱡᱟᱲ,spinal cord,
ᱵᱤᱥᱱᱩᱯᱨᱤᱭᱟ,Bishnupriya,
ᱵᱤᱨ ᱥᱩᱠᱨᱤ,boar,
ᱵᱤᱨᱦᱚᱲ,gorilla,
ᱵᱤᱱᱤ,Bini,
ᱵᱤᱴᱤ,daughter,
ᱵᱨᱟᱡᱤᱞᱤᱭᱟᱱ ᱯᱩᱨᱛᱜᱟᱞᱤ,Brazilian Portuguese,
ᱵᱨᱤᱴᱤᱥ ᱟᱝᱜᱽᱨᱮᱡᱤ,British English,
ᱵᱩᱜᱤᱱᱤᱡᱽ,Buginese,
ᱵᱩᱞᱜᱮᱨᱤ,Bulgarian,
ᱵᱩᱞᱩ,Bulu,
"ᱵᱩᱞᱩ, ᱫᱷᱟᱲᱟ",thigh,
ᱵᱩᱠ ᱯᱟᱦᱞᱟᱹᱣᱤ,Book Pahlavi,
ᱵᱩᱠᱟ.,navel,
ᱵᱩᱦᱤᱫ,Buhid,
ᱵᱩᱨᱢᱤᱡᱽ,Burmese,
ᱵᱩᱨᱤᱭᱟᱹᱛ,Buriat,
ᱵᱮᱞᱟᱨᱩᱥᱤᱭᱟᱹᱱ,Belarusian,
ᱵᱮᱡᱟ,Beja,
ᱵᱮᱢᱵᱟ,Bemba,
ᱵᱮᱱᱜᱩᱱᱤ,brinjal,
ᱵᱮᱱᱟ,Bena,
ᱵᱮᱴᱟ,son,
ᱵᱮᱴᱣᱟ,Betawi,
ᱵᱷᱚᱞᱟᱯᱩᱠ,Volapük,
ᱵᱷᱚᱡᱽᱯᱩᱨᱤ,Bhojpuri,
ᱵᱷᱚᱨᱚ,Võro,
ᱵᱷᱟᱭ,Vai,
ᱵᱷᱟᱭᱠᱥᱩᱠᱤ,Bhaiksuki,
ᱵᱷᱤᱰᱤ,sheep,
ᱵᱷᱤᱰᱤ ᱜᱤᱫᱽᱨᱟ.,lamb,
ᱵᱷᱩᱱᱡᱚ,Vunjo,
ᱵᱷᱮᱰᱣᱟ,lady finger,
ᱵᱽᱨᱟᱦᱢᱦᱤ,Brahmi,
ᱵᱽᱨᱟᱦᱩᱱᱤ,Brahui,
ᱵᱽᱨᱟᱹᱡᱽ,Braj,
ᱵᱽᱨᱮᱞᱤ,Braille,
ᱵᱽᱨᱮᱴᱚᱱ,Breton,
ᱟᱯᱮ,You,
ᱟᱯᱮ ᱠᱚ,You,
ᱟᱡ/ᱥᱩᱱ/ᱦᱟᱹᱱᱤ,He,
ᱟᱡ/ᱥᱩᱱ/ᱦᱟᱹᱱᱤ,She,
ᱱᱚᱶᱟ,It/This,
ᱩᱱᱠᱩ,They,
ᱟᱯᱮ ᱠᱚ,Thou,
ᱟᱢ,Thee,
ᱟᱢ ᱜᱮ,(To you),
ᱤᱧ ᱜᱮ,Me,
ᱟᱡᱟᱜ/ᱟᱹᱡᱤᱡ,His,
ᱟᱡᱟᱜ/ᱟᱹᱡᱤᱡ,Her,
ᱩᱱᱤ ᱜᱮ/ᱩᱱᱤ,Him,
ᱟᱞᱮ ᱠᱚ,Us,
ᱩᱱᱠᱩ ᱠᱚ,Them,
ᱤᱧᱟᱜ,My,
ᱟᱢᱟᱜ/ᱟᱯᱮᱭᱟᱜ,Your,
ᱟᱵᱚᱣᱟᱜ/ᱟᱵᱚ ᱠᱚᱣᱟᱜ,Our,
ᱩᱱᱠᱩᱣᱟᱜ,Their,
ᱱᱩᱠᱩᱣᱟᱜ,Of thee,
ᱤᱧ ᱜᱮ,Myself,
ᱟᱢ ᱜᱮ,Yourself,
ᱩᱱᱤ ᱜᱮ (ᱠᱚ.),Himself,
ᱩᱱᱤ ᱜᱮ (ᱠᱩ.),Herself,
ᱟᱵᱚ ᱜᱮ,Ourselves,
ᱟᱯᱮ ᱜᱮ,Yourselves,
ᱩᱱᱠᱩ ᱜᱮ,Themselves,
ᱱᱚᱶᱟ ᱠᱚ,These,
ᱚᱱᱟ ᱠᱚ/ᱦᱟᱱᱮ ᱠᱚ,Those,
ᱚᱠᱚᱭ ?,Who,
ᱪᱮᱫ ?,What,
ᱪᱮᱫᱟᱜ ?,Why,
ᱚᱠᱟᱨᱮ ?,Where,
ᱛᱤᱱ ᱨᱮ ?,When?,
ᱚᱠᱟ ?,Which?,
ᱚᱠᱚᱭᱟᱜ ?,Whose?,
ᱚᱠᱚᱭ ?,Whom?,
ᱪᱮᱫ ᱞᱮᱠᱟ ?,How?,
ᱛᱤᱱᱟᱹᱜ ᱜᱚᱴᱟᱝ ?,How many?,
ᱛᱤᱱᱟᱹᱜ ᱰᱷᱮᱨ ?,How much?,
ᱱᱚᱰᱮ,Here,
ᱱᱩᱠᱩᱣᱟᱜ,Of these,
ᱡᱟᱦᱟᱸᱭ,Any one,
ᱱᱤᱛᱚᱜ,Now,
ᱦᱟᱸᱰᱮ,There,
ᱤᱧᱜᱮ,Me,
ᱤᱧ ᱦᱚᱛᱮᱛᱮ,By me,
ᱤᱧ ᱞᱟᱹᱜᱤᱫ,For me,
ᱤᱧ ᱴᱷᱮᱱ ᱠᱷᱚᱱ,From me,
ᱤᱧᱟᱜ,Mine,
ᱤᱧ ᱴᱷᱮᱱ,With me,
ᱟᱞᱟᱝ,We,
ᱟᱞᱤᱧ ᱜᱮ,To us,
ᱟᱞᱟᱝ ᱦᱚᱛᱮᱛᱮ,By us,
ᱟᱞᱟᱝ ᱞᱟᱹᱜᱤᱫᱦ,For us,
ᱟᱞᱟᱝ ᱴᱷᱮᱱ ᱠᱷᱚᱱ,From us,
ᱟᱞᱟᱝ ᱵᱟᱨ ᱦᱚᱲᱟᱜ,Of us,
ᱟᱞᱟᱝ ᱵᱟᱨ ᱴᱷᱮᱱ,With us,
