Sl. No.,S.N,Santali Latin,SANTALI
1,Abrus precatorius,"poṇḍ kawet́, pond pawet́",ᱯᱳᱱᱰ ᱠᱟᱣᱮᱛ
2,Abutilon indicum,miru baha,ᱢᱤᱨᱩ ᱵᱟᱦᱟ
3,Acacia arabica,"babla, bạbur, gabla","ᱵᱟᱵᱞᱟ, ᱵᱟᱹᱵᱩᱨ, ᱜᱟᱵᱞᱟ"
4,Acacia catechu,khayar,ᱠᱷᱟᱭᱟᱨ
5,Acacia intsia,kondro jạnum,ᱠᱚᱱᱰᱨᱚ ᱡᱟᱹᱱᱩᱢ
6,Acacia farnesiana,gạbur,ᱜᱟᱹᱵᱩᱨ
7,Achyranthes asper,cipciṛip̕,ᱪᱤᱯᱪᱤᱨᱤᱯ
8,Acternanthera sessilis,gạrũṇḍi aṛag,ᱜᱟᱹᱨᱩᱱᱰᱤ ᱟᱲᱟᱜ
9,Adiantum lunulatum,dodhạri,ᱰᱚᱰᱷᱟᱨᱤ
10,Adina cordifolia,karam dare,ᱠᱟᱨᱟᱢ ᱫᱟᱨᱮ
11,Aeginetia indica,pathor orot,ᱯᱟᱛᱷᱚᱨ ᱚᱨᱚᱛ
12,Aegle marmelos,sińjo,ᱥᱤᱧᱡᱚ
13,Aerua lannata,lo̱po̱ṅ aṛak̕,ᱯᱚᱯᱚᱱ ᱟᱲᱟᱜ
14,Aeschynomene aspera,so̱l,ᱥᱚᱞ
15,Agave americana,"koṅga, koṅgak̕, koṅgat̕, moraba","ᱠᱚᱝᱜᱟ, ᱠᱚᱝᱜᱟᱜ, ᱠᱚᱱᱜᱟᱹᱛ, ᱢᱚᱨᱟᱵᱟ"
16,Alangium lamarckii,ḍhela,ᱰᱷᱮᱞᱟ
17,Albizzia odoratissima,jaṅ siris,ᱡᱟᱱ ᱥᱤᱨᱤᱥ
18,Albizzia myriophilla,kaṇṭa siris,ᱠᱟᱱᱴᱟ ᱥᱤᱨᱤᱥ
19,Albizzia lebbek,siris,ᱥᱤᱨᱤᱥ
20,Allium cepa,peaj,ᱯᱮᱭᱟᱡᱽ
21,Alstonia scholaris,chạtni,ᱪᱷᱟᱹᱴᱱᱤ
22,Amaranthus blitum,nạṛi gạndhạri,ᱱᱟᱹᱲᱤ ᱜᱟᱹᱱᱫᱷᱟᱹᱨᱤ
23,Amarantus gangeticus,gandhạri aṛak̕,ᱜᱟᱹᱱᱫᱷᱟᱹᱨᱤ ᱟᱲᱟᱜ
24,Amarantus spinosa,jạnum aṛak̕,ᱡᱟᱹᱱᱩᱢ ᱟᱲᱟᱜ
25,Amarantus frumentacens,kukṛucut̕ baha,ᱠᱩᱠᱲᱩᱠᱩᱛ ᱵᱟᱦᱟ
26,Amarantus paniculatus,laṛka baha,ᱞᱟᱹᱨᱠᱟᱹ ᱵᱟᱦᱟ
27,Amarantus tristis,poṇḍ gandhạri aṛak̕,ᱯᱩᱱᱰ ᱜᱟᱹᱱᱫᱷᱟᱹᱨᱤ ᱟᱲᱟᱜ
28,Amorphophallus campanulatus,"ol, piṇḍe","ᱚᱞ, ᱯᱮᱱᱰᱮ"
29,Ananassa sativa,"ananas, anaro̱s","ᱟᱱᱟᱱᱚᱥ, ᱟᱱᱟᱨᱚᱣᱟ"
30,Andrographis echioides,bir kubet,ᱵᱤᱨ ᱠᱩᱵᱮᱛ
31,Andrographis paniculata,kalmeg,ᱠᱟᱞᱢᱮᱜᱽ
32,Andropogon muricatus,"bena, sirom","ᱵᱮᱱᱟ, ᱥᱤᱨᱚᱢ"
33,Andropogon schaenanthus,nanha ḍuḍhi ghãs,ᱱᱟᱱᱦᱟ ᱫᱩᱫᱷᱤ ᱜᱷᱟᱥ
34,Andropogon aciculatus,seta sagak̕,ᱥᱮᱛᱟ ᱥᱟᱜᱟᱜ
35,Aneilema nana,gundli aṛak̕,ᱜᱩᱱᱰᱞᱤ ᱟᱲᱟᱜ
36,Angelica glauca,oponom,ᱚᱯᱚᱱᱚᱢ
37,Anisochilus carnosus,gitil ran,ᱜᱤᱛᱤᱞ ᱨᱟᱱ
38,Anisomeles ovata,surgi baha,ᱥᱩᱨᱜᱤ ᱵᱟᱦᱟ
39,Anogeissus latifolia,he̱se̱l,ᱦᱮᱥᱮᱞ
40,Anona reticulam ( sic - Anona reicularis),"amsophori, gom, sạphri am","ᱟᱢᱥᱚᱯᱷᱚᱨᱤ, ᱜᱚᱢ, ᱥᱟᱹᱯᱷᱨᱤ ᱟᱢ"
41,Anona squamosa,"mandargo̱m, sạrphạ",ᱢᱟᱱᱫᱟᱨᱜᱚᱢ
42,Anthistiria wightii,"lo̱bo̱e ghãs, lubui ghãs","ᱞᱚᱵᱚᱮ ᱜᱟᱥ, ᱞᱩᱵᱩᱭ ᱜᱷᱟᱥ"
43,Anthocephalus cadamba,kadam dare,ᱠᱟᱫᱟᱢ ᱫᱟᱨᱮ
44,Antidesma diandrum,maṭha aṛak̕,ᱢᱟᱴᱷᱟ ᱟᱲᱟᱜ
45,Apluda aristata,"ḍhoḍhiạ sạuṛi, ḍuḍhi ghãs, ḍuṛhi ghãs","ᱫᱷᱩᱫᱷᱤᱭᱟᱹ ᱥᱟᱹᱣᱲᱤ, ᱫᱩᱫᱷᱤ ᱜᱷᱟᱥ, ᱫᱩᱲᱷᱤ ᱜᱷᱟᱥ"
46,Argyreia speciosa,kedok̕ aṛak̕,ᱠᱮᱫᱚᱜ ᱟᱲᱟᱜ
47,Argemone mexicana,"ạṭkuṭi, ujạṛ kaṇṭa","ᱟᱹᱛᱠᱩᱴᱤ, ᱩᱡᱟᱹᱨ ᱠᱟᱱᱴᱟ"
48,Areca catechu,guạ,ᱜᱩᱣᱟᱹ
49,Aristida depressa,"khaṛaṅ, lo̱bo̱e khaṛaṅ ghãs","ᱠᱷᱟᱲᱟᱱ, ᱞᱮᱵᱮ ᱠᱷᱟᱥᱟᱱ ᱜᱟᱥ"
50,Artemisia parviflora,baṅsiń,ᱵᱟᱹᱝᱥᱤᱱ
51,Artocarpus integrifolia,kaṇṭhaṛ,ᱠᱟᱱᱴᱷᱟᱲ
52,Aetocarpus lakoocha,ḍạhu,ᱰᱟᱹᱦᱩ
53,Arundinella,lukui ghãs,ᱞᱩᱠᱩᱭ ᱜᱷᱟᱥ
54,Asparagus racemosus,kedar nạ̃ṛĩ,ᱠᱮᱫᱟᱨ ᱱᱟᱹᱲᱤ
55,Atyllosia scarabaedois (sic) ; ori - Atylosia scarabaeoides ; syn : Cajanus scarabaeoides,,ᱵᱤᱨ ᱦᱚᱲᱮᱠ
56,"Atyllosia mollis (sic) ori: Atylosia mollis syn: Cajanus crassus, Cajanus mollis)",,ᱵᱤᱨ ᱢᱟᱞᱦᱟᱱ
57,Bambusa stricta,buru mat́,ᱵᱩᱨᱩ ᱢᱟᱫ
58,Barleria prionistis,rayla baha,ᱨᱟᱹᱭᱞᱟᱹ ᱵᱟᱦᱟ
59,Barringtonia acutangula,hinjur,ᱦᱤᱧᱡᱚᱲ
60,Basella alba,"purại nạ̃ṛĩ, kạṭic̕ purại aṛak̕",ᱯᱩᱨᱟᱹᱭ ᱱᱟᱹᱲᱤ
61,Bassia latifolia (syn - Madhuca longifolia),"jamṛo matko̱m, matko̱ni","ᱡᱟᱢᱵᱲᱚ ᱢᱟᱛᱠᱚᱢ, ᱢᱟᱛᱠᱚᱢ"
62,Bauhinia retusa,"biṛnuu, jhińjiṭ","ᱵᱤᱬᱩᱡᱩ, ᱡᱤᱱᱤᱧᱡᱤᱛ"
63,Bahunia variegata,"jhińjhir, jhińjir","ᱡᱤᱱᱤᱧᱡᱷᱤᱨ, ᱡᱤᱧᱡᱷᱤᱨ"
64,Bahunia vahlii,"cihṛi lamak̕, jo̱m laṛ, lamak̕, lamak̕ laṛ","ᱪᱤᱦᱲᱤ ᱞᱟᱢᱟᱜ, ᱞᱟᱢᱟᱜ ᱞᱟᱹᱲ"
65,Bahunia purpurea,"hoe ranakap̕ aṛak̕, siń aṛak̕","ᱦᱚᱭ ᱨᱟᱱᱟᱠᱟᱯ ᱟᱲᱟᱜ, ᱥᱤᱧ ᱟᱲᱟᱜ"
66,Begonia picta,dhiri japak̕,ᱫᱷᱤᱨᱤ ᱡᱟᱯᱟᱜ
67,Beta vulgaris,palak aṛak̕,ᱯᱟᱞᱟᱠ ᱟᱲᱟᱜ
68,Biophetum sensitivum,bhado̱r jhạpjhạpni,"ᱵᱷᱟᱫᱚᱨ ᱡᱷᱟᱹᱯᱱᱤ, ᱡᱷᱟᱹᱯᱱᱤ"
69,Blumea lacera,gaḍa pacwạni,ᱜᱟᱰᱟ ᱯᱟᱹᱪᱣᱟᱹᱱᱤ
70,Blumea wightiana,rondoc̕,ᱨᱚᱱᱰᱚᱠ
71,Bombax malabaricum,"edel, rui, sohodoho","ᱮᱫᱮᱞ, ᱨᱩᱭᱤ, ᱥᱚᱦᱚ ᱫᱚᱦᱚ"
72,Bonnaya veronicaefolia,kedar,ᱠᱮᱫᱟᱨ
73,Borassus flabelliformis,tale,ᱛᱟᱞᱮ
74,Boswellia serrata,salga,ᱥᱟᱞᱜᱟ
75,Brassica campestris,"luṭni, rại, tuṛi, ṭhạḍiạ tuṛi, man tuṛi","ᱞᱩᱴᱱᱤ, ᱨᱟᱹᱭᱤ, ᱛᱩᱲᱤ, ᱴᱷᱟᱹᱰᱤᱭᱟᱹ ᱛᱩᱲᱤ, ᱢᱟᱱ ᱛᱩᱲᱤ"
76,Briedelia retusa,"kạḍru pala, kaṛke jạnum","ᱠᱟᱹᱰᱨᱩ ᱯᱟᱞᱟ, ᱠᱟᱲᱠᱤ ᱡᱟᱹᱱᱩᱢ"
77,Bryonia lacinosa,kạhu botke,ᱠᱟᱹᱦᱩ ᱵᱚᱴᱠᱮ
78,Buchanania latifolia,tarop,ᱛᱟᱨᱚᱯ
79,Buettneria herbacea,"deko sindur, kambraj","ᱰᱮᱠᱳ ᱥᱤᱱᱫᱩᱨ, ᱠᱟᱢᱵᱽᱨᱟᱡᱽ"
80,Bursera serrata,ạrmu,ᱟᱹᱨᱢᱩ
81,Butea frondosa,murup̕,ᱢᱩᱨᱩᱯ
82,Butea superba,nạṛi murup̕,ᱱᱟᱹᱲᱤ ᱢᱩᱨᱩᱯ
83,Caesulia axillaris,belãońja,ᱵᱮᱞᱟᱸᱳᱧᱡᱟ
84,Cajanus indicus,raheṛ,ᱨᱟᱦᱮᱲ
85,Calamus rotang,bẽ̱t,ᱵᱮᱸᱴ
86,Callicarpa macrophylla,buḍhi ghạsic̕,ᱵᱩᱰᱷᱤ ᱜᱷᱟᱹᱥᱤᱪ
87,Calotropis gigantea,akaona,ᱟᱠᱟᱚᱱᱟ
88,Camellia theifera,ca dare,ᱪᱟ ᱫᱟᱨᱮ
89,Canavalia ensiformis,tiho̱n,ᱛᱤᱦᱳᱱ
90,Cannabinis sativa,gańja,ᱜᱟᱧᱡᱟ
91,Canthium didymum,garbha gojha,ᱜᱟᱨᱵᱷᱟ ᱜᱚᱡᱷᱟ
92,Capparis horrida,buru asạṛiạ,ᱵᱩᱨᱩ ᱟᱥᱟᱹᱲᱤᱭᱟᱹ
93,Cardiospermum halicaeabum,puṭki malla,ᱯᱩᱴᱠᱤ ᱢᱟᱞᱟ
94,Carea arborea,kumbiṛ,ᱠᱩᱢᱵᱤᱲ
95,Capsicum annuum,mạric,ᱢᱟᱹᱨᱤᱪ
96,Carissa carandas,kãṛwat̕,ᱠᱟᱸᱲᱣᱟᱛ
97,Carum carni (sic - Carum carvi),jirạ,ᱡᱤᱨᱟᱹ
98,Carum copticum,ạjuạ,ᱟᱹᱡᱩᱣᱟᱹ
99,Casearia tomentosa,"corco, riḍe","ᱪᱚᱨᱪᱚ, ᱨᱤᱰᱮ"
100,Cassia,"bandor lạuṛi, mirju baha, ńũṛũc̕","ᱵᱟᱱᱰᱚᱨ ᱞᱟᱹᱣᱲᱤ, ᱢᱤᱨᱡᱩ ᱵᱟᱦᱟ, ᱧᱩᱸᱲᱩᱸᱪ"
101,Cassia tora,"bheḍa dereń, cakao ḍa","ᱵᱷᱮᱰᱟ ᱰᱮᱨᱮᱧ, ᱪᱟᱠᱟᱣ ᱰᱟ"
102,Cassia mimosoides,"o̱t kondro, paṭwa ghãs","ᱚᱛ ᱠᱚᱱᱰᱨᱚ, ᱯᱟᱛᱣᱟ ᱜᱷᱟᱸᱥ"
103,Cassytha filiformis,alag jạṛi,ᱟᱞᱟᱜ ᱡᱟᱹᱲᱤ
104,Casuarina equisetifolia,sãe sũi dare,ᱥᱟᱹᱮ ᱥᱩᱸᱭᱤ ᱫᱟᱨᱮ
105,Celastrus paniculatus,kujri,ᱠᱩᱡᱨᱤ
106,Celocasia antiquorum,sạru,ᱥᱟᱹᱨᱩ
107,Celocia argenta,"sirgiṭ aṛak̕, siń dico̱g","ᱥᱤᱨᱜᱤᱴ ᱟᱲᱟᱜ, ᱥᱤᱧ ᱰᱳᱪᱚᱜ"
108,Centifida orbicularis,bhiḍi ạchim,ᱵᱷᱤᱰᱤ ᱟᱹᱪᱷᱤᱢ
109,Cheilanthus tenuifolia,nanha bodhạri,ᱱᱟᱱᱦᱟ ᱵᱚᱰᱷᱟᱹᱨᱤ
110,Chenopodium album,bhạtuạ aṛak̕,ᱵᱷᱟᱹᱴᱩᱣᱟᱹ ᱟᱲᱟᱜ
111,Chlorophitum arundinaceum,"je̱re̱ń aṛak̕, je̱re̱t̕ aṛak̕","ᱡᱮᱨᱮᱧ ᱟᱲᱟᱜ, ᱡᱮᱨᱮᱛ ᱟᱲᱟᱜ"
112,Cicer arietinum,buṭ,ᱵᱩᱴ
113,Cinnamonum obtusifolium,tejpat,ᱛᱮᱡᱯᱟᱛ
114,Cissampelos pareira,tejo mala,ᱛᱮᱡᱚ ᱢᱟᱞᱟ
115,Cissus quadrangularis,haḍ joṛa,ᱦᱟᱰ ᱡᱚᱲᱟ
116,Citrus medica,jạmbir dare,ᱡᱟᱹᱢᱵᱤᱨ ᱫᱟᱨᱮ
117,Clematis nutans,bońga ghạṇṭi,ᱵᱚᱝᱜᱟ ᱜᱷᱟᱹᱱᱴᱤ
118,Clerodendron infortunatum,bạrni kharbạri,ᱵᱟᱹᱨᱱᱤ ᱠᱷᱟᱨᱵᱟᱹᱨᱤ
119,Clerodendron phlomoides,pańjot,ᱯᱟᱧᱡᱚᱢ
120,Clerodendron serratum,saram lutur,ᱥᱟᱨᱟᱢ ᱞᱩᱛᱩᱨ
121,Cochlosperma gossypium,hopo,ᱦᱚᱯᱚ
122,Coix lachryma,"gargạḍi, jargạḍi","ᱜᱟᱹᱨᱜᱟᱹᱰᱤ, ᱡᱟᱨᱜᱟᱹᱰᱤ"
123,Colebrookia oppositifolia,bhãisa,ᱵᱷᱟᱸᱭᱤᱥᱟ
124,Colocasia,picki,ᱯᱤᱪᱠᱤ
125,Combretum decandrum,aṭen,ᱟᱴᱮᱱ
126,Combretum nana,"berdoṛ, bhursạ","ᱵᱮᱨᱫᱚᱲ, ᱵᱷᱩᱨᱥᱟᱹ"
127,Commelyna salioi jolia (sic- Commelina sativa jolia),bir kana aṛak̕,ᱵᱤᱨ ᱠᱟᱱᱴᱟ ᱟᱲᱟᱜ
128,Commelyna suffroticosa,sare oṛsa,ᱥᱟᱨᱮ ᱚᱲᱥᱟᱹ
129,Commelyna benghalensis,kana aṛak̕,ᱠᱟᱱᱟ ᱟᱲᱟᱜ
130,Corchorus,bir narcha,ᱵᱤᱨ ᱱᱟᱨᱪᱷᱟ
131,Corchorus capsularis,kasko̱m ran,ᱠᱟᱥᱠᱚᱢ ᱨᱟᱱ
132,Cordia macleodii,jugiạ,ᱡᱩᱜᱤᱭᱟᱹ
133,Cordia myxa,buc dare,ᱵᱩᱪ ᱫᱟᱨᱮ
134,Coriandrum sativum,dhạniạ,ᱫᱷᱟᱹᱱᱤᱭᱟᱹ
135,Costus speciosa,orop̕,ᱚᱨᱚᱯ
136,Crinum,sikiom baha,ᱥᱤᱠᱤᱭᱚᱢ ᱵᱟᱦᱟ
137,Crosphora pilcata,parwa jhaṛa,ᱯᱟᱨᱣᱟ ᱡᱷᱟᱨᱲᱟ
138,Crotalaria calcyna,"bir jhunka, moṭa bir jhunka","ᱵᱤᱨ ᱡᱷᱩᱱᱠᱟᱹ, ᱢᱚᱴᱟ ᱵᱤᱨ ᱡᱷᱩᱱᱠᱟ"
139,Crotalaria juncea,"so̱n jạ̃ṛĩ, so̱n kudrum, sạ̃ci so̱n, san, so̱n","ᱠᱳᱱ ᱡᱟᱹᱲᱤ, ᱥᱳᱱ ᱠᱩᱫᱨᱩᱢ, ᱥᱟᱺᱪᱤ ᱥᱳᱱ, ᱥᱟᱱ, ᱥᱳᱱ"
140,Crotalaria prostrata,"kạṭic̕ jhunkạ, nanha jhunkạ","ᱠᱟᱹᱴᱤᱡ ᱡᱷᱩᱱᱠᱟᱹ, ᱱᱟᱱᱦᱟ ᱡᱷᱩᱱᱠᱟᱹ"
141,Crotalaria alata,maraṅ jhunkạ,ᱢᱟᱨᱟᱝ ᱡᱷᱩᱱᱠᱟᱹ
142,Crotalaria striata,so̱n jhunkạ,ᱥᱳᱱ ᱡᱷᱩᱱᱠᱟᱹ
143,Croton oblongifolius,gote,ᱜᱚᱴᱮ
144,Cryptolepsis buchanani,utri dudhi,ᱩᱴᱨᱤ ᱫᱩᱫᱷᱤ
145,Cucumis melo,"phuṭ, tạrbhuj, tạrmuj","ᱯᱷᱩᱴ, ᱛᱟᱹᱨᱵᱩᱡ, ᱛᱟᱹᱨᱢᱩᱡ"
146,Cucumis sativus,tahe̱r,ᱛᱟᱦᱮᱨ
147,Cugumis lagenaria,ho̱to̱t̕,ᱦᱚᱛᱚᱛ
148,Cugumis moscheta,kohṇḍa,ᱠᱚᱦᱚᱱᱰᱟ
149,Curcuma,orsoṛiń,ᱚᱨᱥᱚᱲᱤᱝ
150,Cucuma longa,"gãṭ, sasań",ᱜᱟᱸᱴ ᱥᱟᱥᱟᱝ
151,Cuscuta chinensis,alag jạṛi,ᱟᱞᱟᱝ ᱡᱟᱹᱲᱤ
152,Cyamopsis tetragonoloba,nanha malhan,ᱱᱟᱱᱦᱟ ᱢᱟᱞᱦᱟᱱ
153,Cyamopsis psoralioides,"buru raheṛ, raheṛ","ᱵᱩᱨᱩ ᱨᱟᱦᱮᱲ, ᱨᱟᱦᱮᱲ"
154,Cyanotis axillaris,moṭa gundliaṛak̕,ᱢᱚᱴᱟ ᱜᱩᱱᱰᱞᱤᱟᱲᱟᱜ
155,Cyathocline lyrata,bereń phul,ᱵᱮᱨᱮᱧ ᱯᱷᱩᱞ
156,Cynodon dactylon,"dhubi ghãs, dhubi tasak̕, dub ghãs, tasak̕","ᱫᱷᱩᱵᱤ ᱜᱷᱟᱸᱥ, ᱫᱷᱩᱵᱤ ᱛᱟᱥᱟᱠ, ᱫᱩᱵ ᱜᱷᱟᱸᱥ, ᱛᱟᱥᱟᱠ"
157,Cyperus tegetum,suṛạ,ᱥᱩᱨᱟᱹ
158,Cyperus rotundus,ṭạṇḍi suṛạ,ᱴᱟᱹᱱᱰᱤ ᱥᱩᱲᱟᱹ
159,Dalbergia latifolia,satsayar,ᱥᱟᱛᱥᱟᱭᱟᱨ
160,Dalbergia lanceolaria,capot̕ siris,ᱪᱟᱯᱚᱛ ᱥᱤᱨᱤᱥ
161,Dalbergia volubibilis,nạṛi siris,ᱱᱟᱹᱲᱤ ᱥᱤᱨᱤᱥ
162,Desmodium polycarpum,baepho̱l,ᱵᱟᱮᱯᱷᱳᱞ
163,Desmodium triflorum,"sunsuni, ṭạṇḍi cato̱m aṛak̕, ṭạṇḍi sunsuni","ᱥᱩᱱᱥᱩᱱᱤ, ᱴᱟᱹᱱᱰᱤ ᱪᱟᱛᱚᱢ ᱟᱲᱟᱜ, ᱴᱟᱹᱱᱰᱤ ᱥᱩᱱᱥᱩᱱᱤ"
164,Desmodium gangeticum,ṭạṇḍi bhinḍi janaṭet̕,ᱴᱟᱹᱱᱰᱤ ᱵᱷᱤᱱᱰᱤ ᱡᱟᱱᱟᱛᱮᱛ
165,Dhatura alba,"dạtrạ, dhạtrạ","ᱫᱟᱹᱛᱨᱟᱹ, ᱫᱷᱟᱹᱛᱨᱟᱹ"
166,Dhatura fastuosa,"dạtrạ, dhạtrạ","ᱫᱟᱹᱛᱨᱟᱹ, ᱫᱷᱟᱹᱛᱨᱟᱹ"
167,Digeria arvensis,kạri gandhạri,ᱠᱟᱹᱨᱤ ᱜᱟᱹᱱᱫᱷᱟᱹᱨᱤ
168,Dillenia indica,korkoṭ,ᱠᱚᱨᱠᱚᱛ
169,Dillenia pentagyna,sahar,ᱥᱟᱦᱟᱨ
170,Dioscorea bulbifera,beṅgo nạ̃ṛĩ,ᱵᱮᱝᱜᱚ ᱱᱟᱹᱲᱤ
171,Dioscorea daemonum,kolo,ᱠᱚᱞᱚ
172,Dioscorea oppositifolia,piskạ,ᱯᱤᱥᱠᱟᱹ
173,Dioscorea facsiculata,suthni,ᱥᱩᱛᱷᱱᱤ
174,Diospyros tomentosa,"jarge terel, terel","ᱡᱟᱨᱜᱮ ᱛᱤᱨᱤᱞ, ᱛᱤᱨᱤᱞ"
175,Diospyros montana,gaḍa terel,ᱜᱟᱰᱟ ᱛᱤᱨᱤᱞ
176,Diospyros embrypoteris,makaṛkendra,ᱢᱟᱠᱟᱲᱠᱮᱱᱫᱽᱨᱟ
177,Dolichos biflorus,ho̱ṛe̱k̕,ᱦᱳᱲᱮᱠ
178,Dolchos lablab,malhan,ᱢᱟᱞᱦᱟᱱ
179,Dregia volubilis,"koṅgak̕, maraṅ koṅgat","ᱠᱚᱝᱜᱟᱜ, ᱢᱟᱨᱟᱝ ᱠᱚᱝᱜᱟᱛ"
180,Dysophilla verticillata,pansiṅgha,ᱯᱟᱱᱥᱤᱝᱜᱷᱟᱹ
181,Echinops echinatus,ḍaṅgra jạnum,ᱥᱟᱝᱜᱽᱨᱟ ᱡᱟᱹᱱᱩᱢ
182,Eclipta alba,lal kesạri,ᱞᱟᱞ ᱠᱮᱥᱟᱹᱨᱤ
183,Ehretia laevis,pusi pan,ᱯᱩᱥᱤ ᱯᱟᱱ
184,Elaeodendron roxburghii,niuri,ᱱᱤᱣᱨᱤ
185,Eleusine corocona,"ko̱de, lạpṛa k., lapra k., lạpsi k., mạṇḍwik, bhado̱r k.","ᱠᱳᱰᱮ, ᱞᱟᱹᱯᱲᱟ ᱠᱳᱰᱮ, ᱞᱟᱯᱨᱟ ᱠᱳᱰᱮ, ᱞᱟᱹᱯᱥᱤ ᱠᱳᱰᱮ, ᱢᱟᱹᱱᱰᱣᱤᱠ, ᱵᱷᱟᱫᱚᱨ ᱠᱳᱰᱮ"
186,Eleusine aegyptiaca,"sumtu bukuc̕, suntu bukuc̕","ᱥᱩᱢᱛᱩ ᱵᱩᱠᱩᱪ, ᱥᱩᱱᱛᱩ ᱵᱩᱠᱩᱪ"
187,Embelia robusta,bhạbri,ᱵᱷᱟᱹᱵᱨᱤ
188,Emilia sonchifolia,kulại lutur,ᱠᱩᱞᱟᱹᱭᱤ ᱞᱩᱛᱩᱨ
189,Entada scandens,bidhạnta,ᱵᱤᱰᱷᱤᱱᱴᱟᱹ
190,Equisetum debile,buru kaṭko̱m care̱c̕,ᱵᱩᱨᱩ ᱠᱟᱴᱠᱚᱢ ᱪᱟᱨᱮᱪ
191,Eragostis tenella,"ickoc̕, jebkhoc̕","ᱤᱪᱠᱚᱪ, ᱡᱮᱵᱠᱷᱚᱪ"
192,Eragostis bifaria,loposiaṅ ghãs,ᱞᱚᱯᱚᱥᱤᱭᱟᱹᱝ ᱜᱷᱟᱸᱥ
193,Eragostis ciliaris,toṛ caṇḍbo̱l,ᱴᱚᱲ ᱪᱟᱱᱰᱵᱚᱞ
194,Erioloena hookeriana,guạ guli,ᱜᱩᱣᱟᱹ ᱜᱩᱞᱤ
195,Eriosema crinensis,koṇḍeń,ᱠᱚᱱᱰᱮᱝ
196,Ervum lens,mạsri,ᱢᱟᱹᱥᱨᱤ
197,Erycibe paniculata,kạri,ᱠᱟᱹᱨᱤ
198,Erythrina indica,marãṛ,ᱢᱟᱨᱟᱸᱲ
199,Erythrina arborescens,buru marãṛ baha,ᱵᱩᱨᱩ ᱢᱟᱨᱟᱸᱝ ᱵᱟᱦᱟ
200,Eugenia,cuḍuk̕ kod,ᱪᱩᱰᱩᱠ ᱠᱚᱰ
201,Eugenia jambolana,"aṛa, kod, so̱, soh","ᱟᱲᱟ, ᱠᱳᱰ, ᱥᱳ, ᱥᱳᱦ"
202,Eugenia operculata,totonopak̕,ᱴᱚᱴᱚᱱᱚᱯᱟᱠ
203,Euphorbia antiquorum,"ẹṭkẹc̕, sij","ᱮᱴᱠᱮᱪ, ᱥᱤᱡ"
204,Euphorbia scabrifolia,janhe hirom,ᱡᱟᱱᱦᱮ ᱦᱤᱨᱚᱢ
205,Euphorbia dracunculoides,jawa jhara,ᱡᱟᱣᱟ ᱡᱷᱟᱨᱟ
206,Euphorbia granulata,kantha aṛak̕,ᱠᱟᱱᱴᱷᱟ ᱟᱲᱟᱜ
207,Euphorbia thymifolia,nanha pusi toa,ᱱᱟᱱᱦᱟ ᱯᱩᱥᱤ ᱛᱚᱣᱟ
208,Euphorbia pilulifera,pusi toa,ᱯᱩᱥᱤ ᱛᱚᱣᱟ
209,Eyolvulus alsinoides,ṭạṇḍi khode baha,ᱴᱟᱹᱱᱰᱤ ᱠᱷᱚᱰᱮ ᱵᱟᱦᱟ
210,Feronia Elephantum,"kaṭ bel, kõc bel","ᱠᱟᱛ ᱵᱮᱞ, ᱠᱚᱸᱪ ᱵᱮᱞ"
211,Ficus,poḍo,ᱯᱚᱰᱚ
212,Ficus benghalensis,baṛe dare,ᱵᱟᱲᱮ ᱫᱟᱨᱮ
213,Ficus tomentosa,capakiạ baṛe,ᱪᱟᱯᱟᱠᱤᱭᱟᱹ ᱵᱟᱲᱮ
214,Ficus religiosus (sic - Ficus religiosa),"hesak̕, jamṛo hesak̕","ᱦᱮᱥᱟᱜ, ᱡᱟᱢᱲᱚ ᱦᱮᱥᱟᱜ"
215,Ficus cunia,"ho̱ṛ po̱ḍo̱, poḍo","ᱦᱚᱲ ᱯᱚᱰᱚᱚ, ᱯᱚᱰᱚ"
216,Ficus glomerata,loa,ᱞᱚᱣᱟ
217,Ficus scandens,mạdhur lata,ᱢᱟᱹᱫᱷᱩᱨ ᱞᱟᱛᱟ
218,Ficus Infectoria,pakaṛe dare,ᱯᱟᱠᱟᱲᱮ ᱫᱟᱨᱮ
219,Ficus hispida,seta poḍo,ᱥᱮᱛᱟ ᱯᱚᱰᱚ
220,Ficus cordifolia,sunum joṛ,ᱥᱩᱱᱩᱢ ᱡᱚᱲ
221,Ficus conglomerata,hạ̃ṛũ,ᱦᱟᱺᱬᱩᱸ
222,Fimbristylis monostachya,"bhiṇḍi muthạ, muthạ ghãs, nanha biṇḍi muthạ","ᱵᱷᱤᱱᱰᱤ ᱢᱩᱴᱷᱟᱹ, ᱢᱩᱴᱷᱟᱹ ᱜᱷᱟᱸᱥ, ᱱᱟᱱᱦᱟ ᱵᱷᱤᱱᱰᱤ ᱢᱩᱴᱷᱟᱹ"
223,Fimbristylis miliacea,nạkic̕ ghãs,ᱱᱟᱹᱠᱤᱪ ᱜᱷᱟᱸᱥ
224,Flacourtia ramontchi,me̱le̱c̕,ᱢᱮᱞᱮᱠ
225,Flemingia congesta,"bit buṭ, buru ekasrirạ nạ̃ṛi","ᱵᱤᱴ ᱵᱩᱴ, ᱵᱩᱨᱩ ᱮᱠᱟᱥᱨᱤᱨᱟᱹ ᱱᱟᱺᱲᱤ"
226,Flemingia nana,o̱t murup̕,ᱳᱛ ᱢᱩᱨᱩᱯ
227,Gardenia turgida,ḍuṇḍukit̕,ᱰᱩᱱᱰᱩᱠᱤᱛ
228,Gardenia latifolia,popṛo,ᱯᱚᱯᱲᱚ
229,Garuga pinnata,kaṇḍwer,ᱠᱟᱱᱰᱣᱮᱨ
230,Gloriosa orixensis,saparatiń,ᱥᱟᱯᱟᱨᱟᱛᱤᱧ
231,Gloriosa superba,"selep̕ samanom, sinic̕ samaniom baha","ᱥᱮᱞᱮᱯ ᱥᱟᱢᱟᱱᱚᱢ, ᱥᱤᱱᱤᱡ ᱥᱟᱢᱟᱸᱱᱤᱭᱚᱢ ᱵᱟᱦᱟ"
232,Glossogyne pinnatifida,baraṅgom,ᱵᱟᱨᱟᱝᱜᱚᱢ
233,Glycine soja,"disom ho̱ṛe̱c̕, poṇḍ disom ho̱ṛe̱c̕","ᱫᱤᱥᱚᱢ ᱦᱚᱲᱚᱠ, ᱯᱚᱱᱰ ᱫᱤᱥᱚᱢ ᱦᱳᱲᱮᱪ"
234,Gmelina arborea,kasmar,ᱠᱟᱥᱢᱟᱨ
235,Gnaphalium indicum,"tagot̕ aṛak̕, togot̕ aṛak̕","ᱴᱟᱜᱚᱛ ᱟᱲᱟᱜ, ᱴᱟᱜᱚᱛ ᱟᱲᱟᱜ"
236,Gomphrena globosa,ḍuńḍuń baha,ᱰᱩᱝᱰᱩᱝ ᱵᱟᱦᱟ
237,Gossypium neglectum,bhoga kasko̱m,ᱵᱷᱚᱜᱟ ᱠᱟᱥᱠᱳᱢ
238,Gossypium herbaceum,buḍhi kasko̱m,ᱵᱩᱰᱷᱤ ᱠᱟᱥᱠᱚᱢ
239,Gossypium arboreum,"jurguḍạ kasko̱m, koca kasko̱m, dare kasko̱m","ᱡᱩᱨᱜᱩᱲᱟᱹ ᱠᱟᱥᱡᱳᱢ, ᱠᱚᱪᱟ ᱠᱟᱥᱠᱳᱢ, ᱫᱟᱨᱮ ᱠᱟᱥᱠᱳᱢ"
240,Grewia campbelii (sic - Grewia campbellii),bạrsạ pakor,ᱵᱟᱹᱨᱥᱟᱹ ᱯᱟᱠᱚᱨ
241,Grewia asiatica,jaṅ olat̕,ᱠᱟᱝ ᱚᱞᱟᱛ
242,Grewia vestita,olat̕,ᱚᱞᱟᱛ
243,Grewia taliaefolia (sic - Grewia tiliaefolia),olat̕,ᱚᱞᱟᱛ
244,Grewia polygama,"seta ạndir, seta ãṛga, seta kaṭa","ᱥᱮᱛᱟ ᱟᱹᱫᱷᱤᱨ, ᱥᱮᱛᱟ ᱟᱸᱲᱜᱟ, ᱥᱮᱛᱟ ᱠᱟᱴᱟ"
245,Grewia villosa,tarse koṭap,ᱛᱟᱨᱥᱮ ᱠᱚᱴᱟᱯ
246,Guizotia abyssynica (sic - Guizotia abyssinica),surguja,ᱥᱩᱨᱜᱩᱡᱟᱹ
247,Gymnema hirsutus,mo̱ro̱n aṛak̕,ᱢᱳᱨᱚᱝ ᱟᱲᱟᱜ
248,Gynandropsis pentaphylla,seta kaṭa aṛak̕,ᱥᱮᱛᱟ ᱠᱟᱴᱟ ᱟᱲᱟᱜ
249,Heilanthus annuus,"surạj mukhi,suruj mukhi","ᱥᱩᱨᱟᱹᱡ ᱢᱩᱠᱷᱤ, ᱥᱩᱨᱟᱹᱡ ᱢᱩᱠᱷᱤ"
250,Helicteres isora,peṭcamṛa,ᱯᱮᱴᱠᱟᱢᱵᱽᱲᱟ
251,Heteropogon contortus,sạuṛi ghãs,ᱥᱟᱹᱣᱲᱤ ᱜᱷᱟᱸᱥ
252,Hibiscus sabdariffa,"ambaṛo arak̕ kudrum, coromokoc̕","ᱟᱢᱵᱟᱲᱚ ᱟᱨᱟᱜ ᱠᱩᱰᱨᱩᱢ, ᱪᱚᱨᱚᱢᱚᱠᱚᱪ"
253,Hibiscus cancellatus,bheḍwa,ᱵᱷᱮᱰᱣᱟ
254,Hibiscus cannabinus,"dare kudrum, paṭ son","ᱫᱟᱨᱮ ᱠᱩᱰᱨᱩᱢ,ᱯᱟᱹᱨ ᱥᱚᱱ"
255,Hibiscus esculentus,ram jhingạ,ᱨᱟᱢ ᱡᱷᱤᱝᱜᱟᱹ
256,Hibiscus rosasinensis,joba baha,ᱡᱚᱵᱟ ᱵᱟᱦᱟ
257,Hiptage madablota,san karla,ᱥᱟᱱ ᱠᱟᱨᱞᱟ
258,Holmskioldia sanguinea,jhimbria,ᱡᱷᱤᱢᱵᱽᱨᱤᱭᱟᱹ
259,Hordeum vulgare,jao,ᱡᱟᱣ
260,Hygrophilla spinosa,"gokhla jạnum, gokhulạ jạnum, gukhla jạnum","ᱜᱚᱠᱷᱞᱟᱹ ᱡᱟᱹᱱᱤᱢ, ᱜᱚᱠᱷᱩᱞᱟᱹ ᱡᱟᱹᱱᱩᱢ, ᱜᱩᱠᱷᱞᱟᱹ ᱡᱟᱹᱱᱩᱢ"
261,Hygrophila salicifolia,matko̱m aṛak̕,ᱢᱟᱛᱠᱚᱢ ᱟᱲᱟᱜ
262,Hymenodiction excelsum,bhorkoṇd,ᱵᱷᱚᱨᱠᱚᱱᱰ
263,Hyptis suaveolens,gaṅga tulsi,ᱜᱟᱹᱝᱜᱟ ᱛᱩᱞᱥᱤ
264,Ichnocarpus frutescens,"dudhi loṭa, ghiu chimbṛi, nanba dudhi loṭa","ᱫᱩᱫᱷᱤ ᱞᱚᱛᱟ, ᱜᱷᱤᱣ ᱪᱤᱢᱵᱲᱤ, ᱱᱟᱱᱦᱟ ᱫᱩᱫᱷᱤ ᱞᱚᱛᱟ"
265,Imperata arundinacea,cero,ᱪᱮᱨᱚ
266,Indigofera pulchella,"dare huṭer, huṭer","ᱫᱟᱨᱮ ᱦᱩᱴᱮᱲ,ᱦᱩᱴᱮᱲ"
267,Indigofera tinctoria,"lil, nil","ᱞᱤᱞ, ᱱᱤᱞ"
268,Indigofera linifolia,ṭạṇḍi khode baha,ᱴᱟᱹᱱᱰᱤ ᱠᱷᱚᱰᱮ ᱵᱟᱦᱟ
269,Ionidium suffruticosum,"bir surạj mukhi, ṭạṇḍi sol","ᱵᱤᱨ ᱥᱩᱨᱟᱹᱡ ᱢᱩᱠᱷᱤ, ᱴᱟᱹᱱᱰᱤ ᱥᱳᱞ"
270,Iphegenia indica,cuṭoạ caṇḍbo̱l,ᱪᱩᱴᱚᱣᱟᱹ ᱪᱟᱹᱱᱰᱵᱚᱞ
271,Ipomaea turpethum (sic - Ipomoea turpethum),bana etka,ᱵᱟᱱᱟ ᱮᱴᱠᱟ
272,Ipomoea pestigridis,coṭo lutur,ᱪᱚᱴᱚ ᱞᱩᱛᱩᱨ
273,Ipomoea speciosa,kaṛmbi aṛak̕,ᱠᱟᱹᱲᱢᱵᱤ ᱟᱲᱟᱜ
274,Ipomoea quamoclit,kindiń baha,ᱠᱤᱱᱰᱤᱧ ᱵᱟᱦᱟ
275,Ipomoea batatas,sakarkenda,ᱥᱟᱠᱟᱨᱠᱮᱱᱫᱟ
276,Ischaemum rugosum,mạrṇḍi,ᱢᱟᱹᱨᱱᱰᱤ
277,Ixora parviflora,me̱ro̱m mẽ̱t̕,ᱢᱮᱨᱚᱢ ᱢᱮᱸᱛ
278,Jasminum arborescens,gaḍa hund baha,ᱜᱟᱰᱟ ᱦᱩᱱᱰ ᱵᱟᱦᱟ
279,Jatropha curcus,bherṇḍa,ᱵᱷᱮᱨᱱᱰᱟ
280,Juglans regia,"akhroṭ, akroṭ","ᱟᱠᱷᱨᱚᱴᱷ, ᱟᱠᱨᱚᱴᱷ"
281,Jussiaea suffruticosa,dak̕ icạk̕,ᱫᱟᱜ ᱤᱪᱟᱹᱜ
282,Jussloca suffruticosa (sic - Jessica suffruticosa),petra da,ᱯᱮᱴᱨᱟ ᱫᱟ
283,Justicia belonica,tayar baha,ᱛᱟᱭᱟᱨ ᱵᱟᱦᱟ
284,Kydia calycina,"phoska olat̕, poska olat̕","ᱯᱷᱚᱥᱠᱟ ᱚᱞᱟᱛ, ᱯᱚᱚᱥᱠᱟ ᱚᱞᱟᱛ"
285,Laffa. Acutangula,jhiṅgạ,ᱡᱷᱤᱝᱜᱟᱹ
286,Lagenaria vulgaris,kạdu,ᱠᱟᱹᱰᱩ
287,Laggera flava,"bir surguja, bir tuṛi",ᱵᱤᱨ ᱥᱩᱨᱜᱩᱡᱟᱹ ᱵᱤᱨ ᱛᱩᱲᱤ
288,Largestroemia parviflora,sekrec̕,ᱥᱮᱠᱨᱮᱪ
289,Lasia heterophylla,"kaṇṭa sạru, sạru","ᱠᱟᱱᱴᱟ ᱥᱟᱹᱨᱩ, ᱥᱟᱹᱨᱩ"
290,Lathyrus sativus,"kesạri, khasạri, khesari","ᱥᱮᱥᱟᱹᱲᱤ,ᱠᱷᱟᱥᱟᱹᱨᱤ, ᱠᱷᱮᱥᱟᱨᱤ"
291,Laurus cassia,tejpat,ᱛᱮᱡᱯᱟᱛ
292,Lawsonia alba,"mehni dare, mihindi dare","ᱢᱮᱱᱮᱱᱫᱤ ᱫᱟᱨᱮ, ᱢᱤᱦᱤᱱᱫᱤ ᱫᱟᱨᱮ"
293,Lebedieropsis orbiculari,kargạli,ᱠᱟᱨᱜᱟᱹᱞᱤ
294,Leea macrophylla,hạtkan,ᱦᱟᱹᱨᱠᱟᱱ
295,Leea hirta,ḍitiạ hạtkan,ᱰᱤᱴᱤᱭᱟᱹ ᱦᱟᱹᱴᱠᱟᱱ
296,Leonates nepetaefolia (sic - Leonotis nepetifolia),"boṅga bạrchi, dare ḍhompo, jạnum ḍhomo","ᱵᱚᱝᱜᱟ ᱵᱟᱹᱨᱪᱷᱤ, ᱫᱟᱨᱮ ᱰᱷᱚᱢᱯᱚ, ᱡᱟᱹᱱᱩᱢ ᱰᱷᱚᱢᱚ"
297,Lepidagathis cristata,o̱t ḍhompo,ᱚᱛ ᱰᱷᱚᱢᱳᱯᱚ
298,Lepidium sativum,hạlim,ᱦᱟᱹᱞᱤᱢ
299,Leucas cephalotes,ạṇḍiạ dhurup aṛak̕,ᱟᱹᱱᱰᱤᱭᱟᱹ ᱰᱷᱩᱨᱩᱯ ᱟᱲᱟᱜ
300,Leucas clarkei,eńga dhurup aṛak̕,ᱮᱝᱜᱟ ᱰᱷᱩᱨᱩᱯ ᱟᱲᱟᱜ
301,Leucas mollissima,gitil aṛak̕,ᱜᱤᱛᱤᱞ ᱟᱲᱟᱜ
302,Limnophilla conferta (sic - Limnophila conferta),moṭa hemca aṛak̕,ᱢᱚᱴᱟ ᱦᱮᱢᱪᱟ ᱟᱲᱟᱜ
303,Limnophilla gratioloides (sic - Limnophila gratioloides),nanha hemca aṛak̕,ᱱᱟᱱᱦᱟ ᱦᱮᱢᱪᱟ ᱟᱲᱟᱜ
304,Limnophilla roxburghiana (sic - Limnophila roxburghiana),"akaṛ baha, kalha baha","ᱟᱲᱟᱜ ᱵᱟᱦᱟ, ᱠᱟᱞᱦᱟ ᱵᱟᱦᱟ"
305,Linum usitatissimum,"cikno, ṭhisi, ṭhisiạ, ṭisi, ṭisiạ","ᱪᱤᱠᱱᱚ, ᱴᱷᱤᱥᱤ, ᱴᱷᱤᱥᱤᱭᱟᱹ, ᱴᱤᱥᱤ, ᱴᱤᱥᱤᱭᱟᱹ"
306,Lobelia trigonia,cạ̃uric̕ aṛak̕,ᱪᱟᱺᱩᱨᱤᱪ ᱟᱲᱟᱜ
307,Loranthus buddeoides,icạk̕ bando,ᱤᱪᱟᱹᱜ ᱵᱟᱱᱰᱳ
308,Luffa acutangula,paro̱ṛ jhiṅgạ,ᱯᱟᱨᱚᱲ ᱡᱷᱤᱝᱜᱟᱹ
309,Lygodium flexuosum,badgocak̕,ᱵᱟᱰᱜᱚᱪᱟᱜ
310,Mallotus phillipinensis,roṛa,ᱨᱚᱲᱟ
311,Mangifera indica,ul,ᱩᱞ
312,Marsilia quadrifolia,"cato̱m aṛak̕, dak̕ sunsuni, sunsuni","ᱪᱟᱛᱚᱢ ᱟᱲᱟᱜ, ᱫᱟᱜ ᱥᱩᱱᱥᱩᱱᱤ, ᱥᱩᱱᱥᱤᱱᱤ"
313,Martynia diandra,baglucạ,ᱵᱟᱜᱞᱩᱪᱟᱹ
314,Melia azedarach,bo̱ko̱m baha,ᱵᱚᱠᱚᱢ ᱵᱟᱦᱟ
315,Melia azadirachta,nim,ᱱᱤᱢ
316,Melochia chorchorifolia,thuiạk̕ aṛak̕,ᱛᱷᱩᱭᱟᱹᱜ ᱟᱲᱟᱜ
317,Mezoneurum cucullatum,"bạghin jạnum, bạghin jhạwạ","ᱵᱟᱹᱜᱷᱤᱱ ᱡᱟᱹᱱᱩᱢ, ᱵᱟᱹᱜᱷᱤᱱ ᱡᱷᱟᱹᱣᱟᱹ"
318,Miliusa velutina,"kome, ome","ᱠᱚᱢᱮ, ᱚᱢᱮ"
319,Millettia auriculata,hẽ̱hẽ̱l,ᱦᱮᱸᱦᱮᱸᱞ
320,Mimosa rubicaulis,sega jạnum,ᱥᱮᱜᱟ ᱡᱟᱹᱱᱩᱢ
321,Momordica dioica,"kacan aṛak̕, karla","ᱠᱟᱪᱟᱱ ᱟᱲᱟᱜ, ᱠᱟᱨᱞᱟ"
322,Mongeotea immersa,sealom,ᱥᱤᱭᱟᱹᱞᱚᱢ
323,Monochoria plantaginea,seta pan,ᱥᱮᱛᱟ ᱯᱟᱱ
324,Morinda tinctoria,chạili,ᱪᱷᱟᱹᱭᱞᱤ
325,Moringa pterygosperma,"mungạ, mungạ aṛak̕, suṭi","ᱢᱩᱱᱜᱟᱹ, ᱢᱩᱱᱜᱟᱹ ᱟᱲᱟᱜ, ᱥᱩᱛᱤ"
326,Mucuna puriens,etka,ᱮᱴᱠᱟ
327,Murraya exotica,aṭhel,ᱟᱴᱷᱮᱞ
328,Musa paradisiaca,kaera,ᱠᱟᱭᱨᱟ
329,Nelsonia campestris,jugitopa baha,ᱡᱩᱜᱤᱴᱚᱯᱟ ᱵᱟᱦᱟ
330,Nerium odorum,"poṇḍ raj baha, raj baha","ᱯᱩᱱᱰ ᱨᱟᱡ ᱵᱟᱦᱟ, ᱴᱟᱡᱽ ᱵᱟᱦᱟ"
331,Nycanthus arbor-tristis,saparo̱m,ᱥᱟᱯᱟᱨᱳᱢ
332,Nymphoea lotus,"poraeni, upạl baha, upel baha","ᱯᱚᱨᱟᱭᱱᱤ, ᱩᱯᱟᱹᱞ ᱵᱟᱦᱟ, ᱩᱯᱮᱞ ᱵᱟᱦᱟ"
333,Ochna squarosa,campa baha,ᱪᱟᱢᱯᱟ ᱵᱟᱦᱟ
334,Ocimum basilicum,"bharbhạri, ḍimbu baha, kạpir mạli baha, mạli baha, mondor muli baha","ᱵᱷᱟᱨᱵᱷᱟᱨᱤ, ᱰᱷᱤᱢᱯᱩ ᱵᱟᱦᱟ, ᱠᱟᱹᱯᱤᱨ ᱢᱟᱹᱞᱤ ᱵᱟᱦᱟ, ᱢᱟᱹᱞᱤ ᱵᱟᱦᱟ, ᱢᱚᱱᱫᱚᱨ ᱢᱟᱹᱞᱤ ᱵᱟᱦᱟ"
335,Ocimum canum,bharbhạri,ᱵᱷᱟᱨᱵᱟᱹᱲᱤ
336,Ocimum sanctum,tulsi dare,ᱛᱩᱞᱥᱤ ᱫᱟᱨᱮ
337,Odina wodier,ḍoka,ᱰᱚᱠᱟ
338,Olax nana,me̱ro̱m mẽ̱t̕,ᱢᱮᱨᱚᱢ ᱢᱮᱫ
339,Oldenlandia senegalensis,iliń ciń,ᱤᱞᱤᱧ ᱧᱤᱱ
340,Opioglossum vulgare,o̱t poraeni,ᱚᱛ ᱯᱚᱨᱟᱭᱱᱤ
341,Opuntia dillenii,sạpin dare,ᱥᱟᱹᱯᱤᱱ ᱫᱟᱨᱮ
342,Orobanche indica,tuṛi sim,ᱛᱩᱲᱤ ᱥᱤᱢ
343,Oroxylon indicum,bana haṭak̕,ᱵᱟᱱᱟ ᱴᱟᱴᱟᱜ
344,Oryza sativa,"hoṛo, uṛi hoṛo","ᱦᱚᱲᱚ, ᱩᱨᱤ ᱦᱚᱲᱚ"
345,Ougenia dalbergioides,rot,ᱨᱚᱴ
346,Pandanus odoratissimus,kiạ baha,ᱠᱤᱭᱟᱹ ᱵᱟᱦᱟ
347,Panicum colonum (syn - Echinochloa colona),"bare baḍwarak̕, bạri baḍwak̕, sama ghãs","ᱵᱟᱲᱮ ᱵᱟᱲᱣᱟᱨᱟᱜ, ᱵᱟᱹᱨᱤ ᱵᱟᱲᱣᱟᱜ, ᱥᱟᱢᱟ ᱜᱷᱟᱥ"
348,Panicum stagninum,"dal, do̱l","ᱫᱟᱞ, ᱰᱳᱞ"
349,Panicum miliare,gundli,ᱜᱩᱱᱰᱞᱤ
350,Panicum antidotale,layo gundli,ᱞᱟᱭᱚ ᱜᱩᱱᱰᱞᱤ
351,Panicum crus-galli,"iṛi, ko̱ko̱r jaṅga iṛi","ᱤᱲᱤ, ᱠᱳᱠᱳᱨ ᱡᱟᱝᱜᱟ ᱤᱲᱤ"
352,Panicum flavidum,jera janhe,ᱡᱮᱨᱟ ᱡᱟᱱᱦᱮ
353,Panicum helopus,moṭa gundli,ᱢᱚᱴᱟ ᱜᱩᱱᱰᱞᱤ
354,Panicum vestitum,nạ̃ṛi ghãs,ᱱᱟᱸᱲᱤ ᱜᱷᱟᱸᱥ
355,Panicum repens,adagaṭhiạ,ᱟᱲᱟᱜᱟᱹᱴᱷᱤᱭᱟᱹ
356,Paspalum scrobiculatum,janhe,ᱡᱟᱱᱦᱮ
357,Pavetta indica,"buḍhi ghạsic̕, buḍhi tilại","ᱵᱩᱰᱷᱤ ᱜᱷᱟᱹᱥᱤᱪ, ᱵᱩᱰᱷᱤ ᱛᱤᱞᱟᱹᱭᱤ"
358,Pencilaria spicata,"leṇḍha, leńjha","ᱞᱮᱱᱰᱷᱟ, ᱞᱮᱧᱡᱷᱟ"
359,Pennisetum typhoideum,"leṇḍha, leńjha","ᱞᱮᱱᱰᱷᱟ, ᱞᱮᱧᱡᱷᱟ"
360,Pentapetes phaenicia,baṛe baha,ᱵᱟᱲᱮ ᱵᱟᱦᱟ
361,Phaseolus aconitifolius,"alpạluạ, bir alpạluạ, mõ̱c","ᱟᱞᱯᱟᱹᱞᱩᱣᱟᱹ , ᱵᱤᱨ ᱟᱹᱞᱯᱟᱹᱞᱩᱣᱟᱹ , ᱢᱚᱸᱪ"
362,Phaseolus mungo,"birsaṅ, muṅ, rambṛa","ᱵᱤᱨᱥᱟᱝ, ᱢᱩᱝ, ᱨᱟᱢᱵᱲᱟ"
363,Phaseolus calcaratus,sutri,ᱥᱩᱛᱨᱤ
364,Phoenix sylvestris,khihur,ᱠᱷᱤᱦᱩᱨ
365,Phyllanthus lanceoiarius,bạ̃ṛĩạ̃ kaṇḍhum,ᱵᱟᱺᱨᱤᱭᱟᱺ ᱠᱟᱱᱰᱷᱩᱢ
366,Phyllanthus juniperinoides,jhãwar khaṇḍera,ᱡᱷᱟᱣᱟᱨ ᱠᱷᱟᱱᱰᱮᱨᱟ
367,Phyllanthus emblica,meral,ᱢᱮᱨᱟᱞ
368,Phyllanthus multilocularis,nanha bạ̃ṛiạ̃ kạṇḍhum,ᱱᱟᱱᱦᱟ ᱵᱟᱺᱲᱤᱭᱟᱹ ᱠᱟᱹᱱᱰᱷᱩᱢ
369,Phyllanthus simplex,ṭạṇḍi meral,ᱴᱟᱹᱱᱰᱤ ᱢᱮᱨᱟᱞ
370,Phyllanthus urinaria,ṭạṇḍi meral,ᱴᱟᱹᱱᱰᱤ ᱢᱮᱨᱟᱞ
371,Physalis minima,"hạṇḍi kuṇḍi, ṭho̱c̕","ᱦᱟᱹᱱᱰᱤ ᱠᱩᱱᱰᱤ, ᱴᱷᱚᱠ"
372,Pimpinella anisum,"muhri, panmuhri","ᱢᱩᱦᱨᱤ, ᱯᱟᱱᱢᱩᱦᱨᱤ"
373,Piper betle,pan,ᱯᱟᱱ
374,Piper longa,rạli,ᱨᱟᱹᱞᱤ
375,Piper nigrum,"gol mạric, golki mạric","ᱜᱩᱞ ᱢᱟᱹᱨᱤᱪ, ᱜᱚᱞᱠᱤ ᱢᱟᱹᱨᱤᱪ"
376,Pisum arvense,"maṭor, mo̱ṭo̱r","ᱢᱟᱴᱚᱨ, ᱢᱳᱴᱳᱨ"
377,Pisum sativum,"maṭor, mo̱ṭo̱r","ᱢᱟᱴᱳᱨ, ᱢᱳᱴᱳᱨ"
378,Plumbago zelanica,"citạr kạthi, jog kạṭhi","ᱪᱤᱛᱟᱹᱨ ᱠᱟᱹᱴᱷᱤ, ᱡᱚᱜᱽ ᱠᱟᱹᱴᱷᱤ"
379,Plumeria acutifolia,gulańj baha,ᱜᱩᱠᱟᱧᱡ ᱵᱟᱦᱟ
380,Pogonatherum saccharoideum,boṅga care̱c̕,ᱵᱚᱝᱜᱟ ᱪᱮᱨᱮᱪ
381,Pollinia eriopoda,bạcko̱m,ᱵᱟᱪᱠᱚᱢ
382,Polyalthia cerasoides,pańjom,ᱯᱟᱧᱡᱚᱢ
383,Polycarpoea corymbosa,janhe nańjo̱m,ᱡᱟᱱᱦᱮ ᱱᱟᱧᱡᱚᱢ
384,Polygala chinensis,gại ghurạ,ᱜᱟᱹᱭᱤ ᱜᱷᱩᱨᱟᱹ
385,Polygala crotalarioides,lilkạṭhi,ᱞᱤᱞᱠᱟᱹᱴᱷᱤ
386,Polygonum plebejum,muc̕ aṛak̕,ᱢᱩᱪ ᱟᱲᱟᱜ
387,Polygonum indicum,rạniphul,ᱨᱟᱹᱱᱤᱯᱷᱩᱞ
388,Polygonum glabrum,sạuṛi aṛak̕,ᱥᱟᱹᱣᱲᱤ ᱟᱲᱟᱜ
389,Pongamia glabra,"ko̱ro̱ńj, kuruńj","ᱠᱳᱚᱯᱧᱡ, ᱠᱩᱨᱩᱧᱡᱽ"
390,Ponzolzia pentandra,icạk̕ aṛak̕,ᱤᱪᱟᱹᱜ ᱟᱲᱟᱜ
391,Porana paniculata,pańjot nạ̃ṛi,ᱯᱟᱧᱡᱚᱛ ᱱᱟᱺᱲᱤ
392,Portulacca oleracea,"moṭa uṛic̕ alaṇ, uṛic̕ alaṇ","ᱢᱚᱴᱟ ᱩᱨᱤᱪ ᱟᱞᱟᱝ, ᱩᱨᱤᱪ ᱟᱞᱟᱝ"
393,Portulacca quadrifolia,nanha uṛic̕ alaṅ,ᱱᱟᱱᱦᱟ ᱩᱨᱤᱪ ᱟᱞᱟᱝ
394,Premna latifolia,ḍaṅgra sea,ᱰᱟᱝᱜᱽᱨᱟ ᱥᱤ
395,Premna herbacea,kaḍa mẽ̱t̕,ᱠᱟᱰᱟ ᱢᱮᱫ
396,Psidium guyava,"amrud, amrut, ạńjir","ᱟᱢᱨᱩᱫ, ᱟᱢᱨᱩᱛ, ᱟᱹᱧᱡᱷᱤᱨ"
397,Pterocarpus marsupium,murgạ,ᱢᱩᱨᱜᱟᱹ
398,Pterospermum acerifolium,mackundạ,ᱢᱟᱪᱠᱩᱱᱰᱟᱹ
399,Pueraria tuberosa,"jaṅ tirṛạ, patal kohṇḍa, tirṛạ da","ᱡᱟᱝ ᱛᱤᱨᱲᱟᱹ, ᱯᱟᱛᱟᱞ ᱠᱚᱦᱚᱱᱰᱟ, ᱴᱤᱨᱨᱲᱟᱹ ᱪᱟ"
400,Punica granatum,"anar, ḍạlim","ᱚᱱᱟᱨ, ᱰᱟᱹᱞᱤᱢ"
401,Putranjiva roxburghii,pitońj,ᱯᱤᱛᱠᱚᱧᱡᱽ
402,Randia dumetorum,"boi bindi, loṭo","ᱵᱚᱭ ᱵᱷᱤᱱᱰᱤ, ᱞᱚᱴᱚ"
403,Randia uliginosa,piṇḍe,ᱯᱤᱱᱰᱮ
404,Raphanus sativus,"mulạ aṛak̕,murại aṛak̕","ᱢᱩᱞᱟᱹ ᱟᱲᱟᱜ, ᱢᱩᱨᱟᱹᱭᱤ ᱟᱲᱟᱜ"
405,Ricinus communis,eraṇḍom dare,ᱮᱨᱟᱝᱰᱚᱢ ᱫᱟᱨᱮ
406,Rottboellia perforata,kaṭko̱m care̱c̕,ᱠᱟᱴᱠᱚᱢ ᱪᱟᱨᱮᱪ
407,Ruellia suffruticosa,cạuliạ,ᱪᱟᱹᱣᱞᱤᱭᱟᱹ
408,Saccharum officinarum,ạk,ᱟᱹᱠ
409,Saccharum spontaneum,"kạsi ghãs, khạsi ghãs","ᱠᱟᱹᱥᱤ ᱜᱷᱟᱸᱥ, ᱠᱷᱟᱹᱥᱤᱩ ᱜᱷᱟᱸᱥ"
410,Saccharum sara,"sar, sạri sar","ᱥᱟᱨ, ᱥᱟᱹᱨᱤ ᱥᱟᱨ"
411,Salix tetrasperma,"gaḍa sigrik̕, sãṛũkuc̕","ᱜᱟᱰᱟ ᱥᱤᱜᱽᱨᱤᱜ, ᱥᱟᱸᱲᱩᱸᱠᱩᱪ"
412,Santalum,"candan, co̱ndo̱n","ᱠᱟᱱᱰᱟᱱ, ᱠᱚᱱᱰᱚᱱ"
413,Schleichera trijuga,"bạru, kusum","ᱵᱟᱹᱨᱩ, ᱠᱩᱥᱩᱢ"
414,Semicarpus anacardium,so̱so̱,ᱥᱳᱥᱳ
415,Sesamum indicum,"kaṭ tilmiń, til, tilmiń","ᱠᱟᱛ ᱛᱤᱞᱢᱤᱧ, ᱛᱤᱞ, ᱛᱤᱞᱢᱤᱧ"
416,Setaria italica,erba,ᱮᱨᱵᱟ
417,Setaria glauca,kukrạ,ᱠᱩᱠᱨᱟᱹ
418,Shorea robusta,"jahe̱r, sal, sarjo̱m","ᱡᱟᱦᱮᱨ, ᱥᱟᱞ,ᱥᱟᱨᱡᱳᱢ"
419,Sida humuilis,bạriạṛ. joka sakam,"ᱵᱟᱹᱨᱤᱭᱟᱹᱨ, ᱡᱚᱠᱟ ᱥᱟᱠᱟᱢ"
420,Sida carpinifolia,bir miru baha,ᱵᱤᱨ ᱢᱤᱨᱩ ᱵᱟᱦᱟ
421,Smilax ovalifolia,ạṭkir,ᱟᱹᱛᱠᱤᱨ
422,Solanum melongena,"beṅgaṛ, he̱nde̱ beṅgaṛ","ᱵᱮᱝᱜᱟᱲ, ᱦᱮᱱᱫᱮ ᱵᱮᱝᱜᱟᱲ"
423,Solanum stramonifolium,beṅgaṛ beṭahet̕,ᱵᱮᱝᱜᱟᱲ ᱵᱮᱴᱟᱦᱮᱫ
424,Solanum xanthocarpum,"e̱ḍhe̱ eạṅgạini, nạṅgạini","ᱮᱰᱷᱮ ᱮᱭᱟᱝᱜᱟᱹᱭᱱᱤ, ᱱᱟᱝᱜᱟᱹᱭᱱᱤ"
425,Sopubia delphinifolia,dak̕ kudur,ᱫᱟᱜ ᱠᱩᱰᱩᱨ
426,Sorghum vulgare,bajṛa,ᱵᱟᱡᱲᱟ
427,Soymida febrifuga,ruhen,ᱨᱩᱦᱮᱱ
428,Spatholobus roxburghii,"bando, cihũt laṛ","ᱵᱟᱱᱰᱚ, ᱪᱤᱦᱨᱩᱛ ᱞᱟᱲ"
429,Spermacoce hispida,"piṭuạ aṛak̕, piṭuạ ghãs","ᱯᱤᱴᱩᱣᱟᱹ ᱟᱲᱟᱜ, ᱯᱤᱴᱩᱣᱟᱹ ᱜᱷᱟᱸᱥ"
430,Spidagathis cristata,agyo,ᱟᱜᱭᱚ
431,Spondias mangifera,amṛa,ᱟᱢᱲᱟ
432,Stephegyne parvifolia,gõ̱ṛẽ̱,ᱜᱚᱸᱲᱮᱸ
433,Sterculia villosa,gańjheṛ,ᱜᱟᱧᱡᱷᱮᱨ
434,Sterculia urens,"telhec̕, terhec̕","ᱛᱮᱞᱦᱮᱡ, ᱛᱮᱨᱦᱮᱡ"
435,Sterculia colorata,udạl,ᱩᱰᱟᱹᱞ
436,Stereospermum suaviolens,paḍer,ᱯᱟᱰᱮᱨ
437,Streblus asper,sahṛa,ᱥᱟᱦᱲᱟ
438,Strobilanthus auriculatus,"gaḍa kalha, harua pakoṛ","ᱜᱟᱰᱟ ᱠᱟᱞᱦᱟ, ᱦᱟᱨᱩᱣᱟᱹ ᱯᱟᱠᱚᱲ"
439,Strychnos potatorum,"khucilạ, khuclạ, kucilạ, kuclạ","ᱠᱷᱩᱪᱤᱞᱟᱹ, ᱠᱷᱩᱪᱞᱟᱹ, ᱠᱩᱪᱤᱞᱟᱹ, ᱠᱩᱪᱞᱟᱹ"
440,Symplocos racemosa,lodam,ᱞᱚᱪᱟᱢ
441,Tacca pinnatifida,"boṅga ṭaeni, ṭạini","ᱵᱚᱝᱜᱟ ᱴᱟᱮᱱᱤ, ᱴᱟᱹᱭᱱᱤ"
442,Tamarindus indicus,jo̱jo̱ dare,ᱡᱚᱡᱚ ᱫᱟᱨᱮ
443,Tamarix ericoides,jhãwar,ᱡᱷᱟᱸᱣᱟᱨ
444,Tectona grandis,"loṭpoṭo dare, sạgun, sạgunạ, sagwan","ᱞᱚᱴᱯᱚᱴᱚ ᱫᱟᱨᱮ, ᱥᱟᱹᱜᱩᱱ, ᱥᱟᱹᱜᱩᱱᱟᱹ, ᱥᱟᱜᱣᱟᱱ"
445,Terminalia tomentosa,atnak̕,ᱟᱴᱱᱟᱠ
446,Terminalia arjuna,kạuhạ,ᱠᱟᱹᱣᱦᱟᱹ
447,Terminalia belerica,lo̱po̱ṅ dare,ᱯᱚᱯᱚᱝ ᱫᱟᱨᱮ
448,Terminalia chebula,"juṅgi, ro̱l","ᱡᱩᱝᱜᱤ, ᱨᱳᱞ"
449,Tetranther monopetala,pojo,ᱯᱚᱡᱚ
450,Themuda gigantea,kũs,ᱠᱩᱸᱥ
451,Thespasia lampas,bo̱nkạpsi,ᱱᱚᱱᱠᱟᱹᱯᱥᱤ
452,Thevita neriifolia,bereńjo̱,ᱵᱮᱨᱮᱧᱡᱚ
453,Thysanoloena acarifera,"karsaṛ, kharsaṛ","ᱠᱟᱨᱥᱟᱲ, ᱠᱷᱟᱨᱥᱟᱲ"
454,Tragia involucrata,se̱ṅge̱l siń,ᱥᱮᱝᱜᱮᱞ ᱥᱤᱧ
455,Trema amboinensis,jhãwar,ᱡᱷᱟᱸᱣᱟᱨ
456,Triticun sativum,guhum,ᱜᱩᱦᱩᱢ
457,Triumfetta rhomboidea,nanha bhiḍi janaṭet̕,ᱱᱟᱱᱦᱟ ᱵᱷᱤᱱᱰᱤ ᱡᱟᱱᱟᱴᱤᱛ
458,Tylophoba longifolia,sondhaeni,ᱥᱚᱱᱰᱷᱟᱮᱱᱤ
459,Uraria lagopoides,lo̱po̱ṅ heṛak̕,ᱞᱚᱯᱚᱝ ᱦᱮᱲᱟᱜ
460,Urena sinuata,moṭa bhiḍi janaṭet̕,ᱢᱚᱴᱟ ᱵᱷᱤᱰᱤ ᱡᱟᱱᱟᱴᱮᱛ
461,Utricularia bifida,arak̕ jhãwar,ᱟᱨᱟᱜ ᱡᱷᱟᱸᱣᱟᱨ
462,Vanda roxburghii,dare bạṅki,ᱫᱟᱨᱮ ᱵᱟᱹᱝᱠᱤ
463,Ventilago calyculata,"boṅga sarjo̱m, sarjo̱m","ᱵᱚᱝᱜᱟ ᱥᱟᱨᱡᱚᱢ, ᱥᱟᱨᱡᱚᱢ"
464,Vernonia cinereal,"bạhu ṭuṭuri, baraṅgom, bir lo̱po̱ṅ aṛak̕, ḍuryạ aṛak̕, jhurjhuri, ṭuṭuri","ᱵᱟᱹᱦᱩ ᱴᱩᱴᱩᱨᱤ, ᱵᱟᱨᱟᱝᱜᱚᱢ, ᱵᱤᱨ ᱞᱚᱯᱚᱝ ᱟᱲᱟᱜ, ᱫᱩᱨᱭᱟᱹ ᱟᱲᱟᱜ, ᱡᱷᱩᱨᱡᱷᱩᱨᱤ, ᱴᱩᱴᱩᱨᱤ"
465,Vernonia anthelmintica,sãoraj,ᱥᱟᱸᱣᱨᱟᱡᱽ
466,Vernonia divergens,baṛa pathol,ᱵᱟᱲᱟ ᱯᱟᱛᱷᱚᱞ
467,Vernonia roxburghii,ḍora bo̱ho̱k̕,ᱰᱚᱨᱟ ᱵᱚᱦᱚᱜ
468,Vigna vexillata,"bir ghaṅgra, seṛwań","ᱵᱤᱨ ᱜᱷᱟᱝᱜᱽᱨᱟ, ᱥᱮᱲᱣᱟᱝ"
469,Vigna catiang,"boḍa ghaṅgra, cihṛi ghaṅgra, ḍaṅ ghaṅgra, ghạngri","ᱵᱚᱰᱟ ᱜᱷᱟᱝᱜᱽᱨᱟ, ᱪᱤᱦᱲᱤ ᱜᱷᱟᱝᱜᱽᱨᱟ, ᱰᱟᱝ ᱜᱷᱟᱝᱜᱽᱨᱟ, ᱜᱷᱟᱝᱜᱽᱨᱤ"
470,Viscum attenuatum,kaṭko̱m jaṅga,ᱠᱟᱴᱠᱚᱢ ᱡᱟᱝᱜᱟ
471,Viscum monoicum,paṭcamṛa banda,ᱯᱟᱴᱪᱟᱢᱵᱲᱟ ᱵᱟᱱᱰᱟ
472,Vitex alata,bhạdu,ᱵᱷᱟᱹᱰᱩ
473,Vitex negundo,sindwạri dare,ᱥᱤᱱᱫᱽᱣᱟᱹᱨᱤ ᱫᱟᱨᱮ
474,Vitis adnata,"bod nãṛi, bodlaṛ nạ̃ṛi","ᱵᱳᱰ ᱱᱟᱸᱲᱤ, ᱵᱳᱰᱞᱟᱹᱲ ᱱᱟᱸᱲᱤ"
475,Vitis tomentosa,ghoṛa lidi,ᱜᱷᱚᱲᱟ ᱞᱤᱰᱤ
476,Vitis latifolia,"ic̕er, ic̕ewer","ᱤᱪᱮᱨ, ᱤᱪᱮᱣᱮᱨ"
477,Wedelia wallichii,mạsuṛdaṅ,ᱢᱟᱹᱥᱩᱲᱰᱟᱝ
478,Wendlandia exerta,pichạri baha,ᱯᱤᱪᱷᱟᱹᱨᱤ ᱵᱟᱦᱟ
479,Wendlandia tinctoria,tilại dare,ᱴᱤᱞᱟᱹᱭ ᱫᱟᱨᱮ
480,Woodfordia floribunda,"icạk̕, nicạk̕","ᱤᱪᱟᱹᱜ, ᱱᱤᱪᱟᱹᱜ"
481,Wrightia tomentosa,"aṭkuṛạ, aṭkuṛạ aṛạk̕, buru mackunda","ᱟᱴᱠᱩᱲᱟᱹ, ᱟᱴᱠᱩᱲᱟᱹ ᱟᱲᱟᱜ, ᱵᱩᱨᱩ ᱢᱟᱪᱠᱩᱱᱫᱟᱹ"
482,Yucca gloriosa,ghi kuạ̃r,ᱜᱷᱤ ᱠᱩᱣᱟᱹᱨ
483,Zea mays,"goco, joṇḍra","ᱜᱚᱪᱚ, ᱡᱚᱱᱫᱽᱨᱟ"
484,Zehneria umbellata,"at, kundri","ᱟᱛ, ᱠᱩᱱᱫᱽᱨᱤ"
485,Zingiber officinale,"ada, adhe̱","ᱟᱰᱟ, ᱟᱰᱷᱮ"
486,Zizyphus jujube,"ḍeḍhaoṛe, ḍiḍhạuṛi, e̱ḍhe̱ jạnum, jo̱m jạnum","ᱰᱮᱰᱷᱟᱣᱲᱮ, ᱰᱤᱰᱷᱟᱹᱣᱲᱤ, ᱮᱰᱷᱮ ᱡᱟᱹᱱᱩᱢ, ᱡᱚᱢ ᱡᱟᱹᱱᱩᱢ"
487,Zizyphus xylopyra,karkaṭ,ᱠᱟᱨᱠᱟᱛ
488,Zizyphus oxyphylla,kuṛit̕,ᱠᱩᱲᱤᱛ
489,Zizyphus rugosa,sekra,ᱥᱮᱠᱨᱟ
490,Zornia diphylla,"jhạpni, ṭạṇḍi jhạpni","ᱡᱷᱟᱹᱯᱤ, ᱴᱟᱹᱱᱰᱤ ᱡᱷᱟᱹᱯᱱᱤ"
,,,
,,,
